{
    "title": "צריך עזרה או רוצה לתת לנו רעיון? צור איתנו קשר!",
    "header": "אנחנו צוות קטן, אז אם יש לכם משהו שאתם רוצים לדבר איתנו עליו או לבקש עזרה בosekai, אנחנו נשמח לעזור!",
    "body.p1": "הדרך הטובה ביותר ליצור איתנו קשר היא להצטרף לשרת הדיסקורד שלנו! osu! Medal Hunters.",
    "body.p2": "קישור לשרת נמצא בעמוד הבית ובתפריט האפליקציות בצד שמאל למעלה של העמוד.",
    "siteOwner": "בעל האתר: $1",
    "snapshots": "לכל בעיה או בקשה בנוגע ל-Osekai Snapshots, פנו ל-Hubz בכתובת hubz@hubza.co.uk"
}