{
    "title": "אף פעם לא חייבים לתרום, אבל תמיד נעריך אם תתרמו :)",
    "body.p1": "אנחנו משתמשים בתרומות כדי לכסות את ההוצאות של האתר. מתוך שקיפות, אתם יכולים לראות את ההוצאות שיש לאתר למטה.",
    "body.p2": "אנחנו רוצים לספק את כל השירותים שלנו בחינם. ה\"יתרון\" היחיד שתקבלו אם תתרמו, זה ❤ קטן ליד השם שלכם בתגובות וגישה לערוץ הפיתוח בשרת הדיסקורד של osekai, אבל דברים דומים עשויים להתווסף בהמשך.",
    "body.p3": "רשימת התרומים הנדיבים ביותר למטה לא מתעדכנת מיד. אבל אל דאגה, נעדכן את הרשימה בהקדם האפשרי!",
    "donate.title": "לתרום!",
    "donate.header": "רוצים לתמוך בנו? מוזמנים לשלוח תרומה!",
    "donate.body": "שימו לב להציג את שם המשתמש שלכם, אתם צריכים להיות מחוברים!",
    "donate.paypal": "תרום באמצעות PayPal",
    "donate.paysafecard": "תרום באמצעות Paysafecard",
    "costs.title": "עלות",
    "costs.covered": "הוצאות מכוסות: $1 / $2",
    "top.title": "התורמים הגבוהים",
    "recent.title": "התרומה האחרונה ביותר",
    "recent.message": "הודעת תרומה"
}