{
    "medal": "מֵדַלִיָה",
    "medals": "מדליות",
    "club": "מועדון",
    "date_released": "שוחרר 1$",
    "date_added": "נוסף 1$",
    "date_updated": "עודכן 1$",
    "date_posted": "פורסם 1$",
    "date_submitted": "הוגש",
    "date_last_played": "שוחק לאחרונה 1$",
    "submit": "שלח",
    "add": "הוסף",
    "update": "עדכן",
    "delete": "למחוק",
    "cancel": "בטל",
    "global": "גלובלי",
    "saveChanges": "שמור שינויים",
    "remove": "הסר",
    "close": "סגור",
    "language.switch": "שנה שפה!",
    "locked.login": "התחבר כדי להשתמש בתוכן זאת!",
    "page.generatedIn": "הדף נוצר תוך $1 שניות.",
    "ok": "Okay"
}