{
    "cover.subtitle": "הבית של <strong>דירוגים אלטרנטיביים, </strong><strong>מידע פרופיל מעמיק, </strong><strong>פתרונות מדליות, </strong><strong>מאות גרסאות</strong> ועוד",
    "cover.madeFor": "נוצר בשביל קהילת ה-osu! על ידי <span>the <strong>osekai</strong> team</span>",
    "new": "חדש!",
    "new.text": "בתוך <strong> osekai</strong>...",
    "new.introducing": "הכירו את האפליקציה החדשה שלנו:",
    "profiles.main": "עבדנו על דרך חדשה בשבילך להציג ולנהל את פרופיל ה-osu!. המצאנו תכונות חדשות ומדהימות, כמו יעדים, ציר זמן ועוד הרבה יותר. ואחרי יותר משנה של פיתוח, זה סוף סוף נעשה. תבדקו את זה!",
    "medals.main": "המקום הטוב ביותר למצוא פתרונות לכל המדליות ב-osu!, המפות הטובות ביותר לשימוש, ואפילו לשוחח בתגובות!",
    "snapshots.main": "חווה את התחושות הנוסטלגיות של המהדורות הקודמות של osu!, או בדוק כמה מהגרסאות המיוחדות יותר בבית החדש של osu!archive!",
    "rankings.main": "המקום היחיד למצוא אלטרנטיבה לדירוגי osu! למדליות, מפות מדורגות, ועוד.",
    "badges.main": "המקום הטוב ביותר למצוא כמעט כל תג ב-osu!, יחד עם בעליהם.",
    "discord.title": "הצטרפו אל <strong>osu! medal hunters</strong> בדיסקורד!",
    "discord.text": "תבדקו את הקהילה הגדולה ביותר של osu! medal hunting בדיסקורד, היכן ש-Osekai נמצא!",
    "support.title": "תמכו בנו!",
    "support.text": "אנחנו בסך הכל צוות קטן, ועל ידי תרומה אתם עוזרים לנו לשמור על השרתים פועלים ולהמשיך להתפתח!",
    "faq": "שאלות ותשובות",
    "faq.title": "שאלות נפוצות",
    "faq.welcome": "ברוך הבא לשאלות ותשובות של osekai!",
    "faq.welcome.intro": "כאן תוכל למצוא תשובות לשאלות נפוצות על Osekai. בחר שאלה בסרגל מימינך כדי להתחיל.",
    "team.title": "הצוות",
    "team.role.mulraf": "מנהל פרויקט ומנהל תכנות",
    "team.role.hubz": "מתכנת ומעצב ראשי",
    "team.role.electroyan": "מהנדס נתוני דירוגים",
    "team.role.remyria": "מנהל הקהילה",
    "team.role.generic.snapshotsManager": "מנהל מהדרות קודמות",
    "team.role.generic.snapshotsDeveloper": "מפתח מהדורות קודמות",
    "harumachi.title": "Harumachi Cup Omega. האחרון.",
    "harumachi.text": "טורניר ה-osu! הכי גרוע חוזר בפעם האחרונה. תבדקו את זה!"
}