{
    "searchbar.placeholder": "חיפוש עבור מדליה",
    "searchbar.filters.tooltip": "מסנני חיפוש",
    "searchbar.filters.title": "אפשרויות סינון",
    "searchbar.filters.unobtainedMedals": "מדליות שלא הושגו",
    "solution.title": "פתרון",
    "beatmaps.title": "מפות <p id=\"beatmap_count\" class=\"medals__bm-count\">0</p>",
    "beatmaps.note.add": "הוספת הערה",
    "beatmaps.note.view": "לראות את ההערה",
    "beatmaps.note.title": "הערה",
    "beatmap.by": "על ידי",
    "beatmap.mappedBy": "מופה על ידי",
    "beatmap.viewOnOsu": "לראות את חבילת המפות <strong>osu.ppy.sh</strong>",
    "beatmap.downloadWithDirect": "להוריד עם <strong> osu!direct</strong>",
    "beatmap.report": "דווח על המפה הזאת",
    "beatmap.delete": "למחוק את המפה הזאת",
    "video.title": "סרטון",
    "beatmaps.add": "להוסיף מפה",
    "beatmaps.add.title": "להוסיף מפה",
    "beatmaps.add.body": "להוסיף מפה למדליה $1",
    "beatmaps.add.p1": "זכרו שמפה זאת חייבת להביא לקבלת המדליה. אם לא, היא תוסר מהרישום.",
    "beatmaps.add.url.placeholder": "קישור למפה",
    "beatmaps.add.note.placeholder": "הערה"
}