{
    "profile.viewOnOsekaiProfiles": "<light>צפה בפרופיל ב</light>osekai פרופילים",
    "profile.viewOnOsu": "<light>צפה בפרופיל ב</light> osu!",
    "profile.logOut": "להתנתק",
    "profile.experimentalMode": "אתה נמצא כרגע במצב ניסוני. דברים יכולים להיות קצת שבורים.",
    "profile.logIn": "התחבר <light>עם</light> osu!",
    "search.placeholder": "חפשו משהו. כל דבר.",
    "search.noResults": "לא נמצאו תוצאות",
    "settings.title": "<strong>osekai</strong> הגדרות",
    "settings.subtitle": "תהפכו את osekai לשלכם",
    "settings.global.title": "גלובלי",
    "settings.global.theme": "ערכת נושא",
    "settings.global.theme.light": "ערכת נושא בהירה",
    "settings.global.theme.dark": "ערכת נושא כהה",
    "settings.global.theme.ultraDark": "ערכת נושא שחור כהה",
    "settings.global.theme.coldDark": "ערכת נושא כהה קרה",
    "settings.global.theme.system": "ברירת מחדל",
    "settings.global.language": "שפה",
    "settings.profiles.title": "פרופילים",
    "settings.profiles.showMedalsFromAllModes": "הצג מדליות מכל המודים",
    "notifications.title": "<strong>התראות</strong>",
    "apps.support": "לתמוך ב-osekai!",
    "apps.twitter": "בדקו את Osekai בטוויטר!",
    "apps.discord": "הצטרפו אל osu! Medal Hunters בדיסקרוד!",
    "apps.contact": "צרו קשר",
    "apps.privacy": "תנאי שימוש",
    "apps.developmentDiscord": "הצטרפו לשרת הפיתוח שלנו",
    "tooltip.notifications": "התראות",
    "tooltip.settings": "הגדרות",
    "tooltip.search": "חיפוש"
}