{
    "home.panel.body": "מבט מעמיק על פרופיל ה-osu! שלכם",
    "home.yourProfile.title": "בדקו את",
    "home.yourProfile.subtitle": "הפרופיל <strong>שלכם</strong>",
    "home.recentlyViewed.title": "נצפה לאחרונה",
    "home.mostViewed.title": "הנצפים ביותר",
    "home.globalRankings.title": "דירוג עולמי",
    "profile.bar.user": "פרופיל",
    "profile.bar.user.new": "הפרופיל של <strong>$1</strong>'s",
    "profile.bar.user.new-s": "הפרופיל של <strong>$1</strong>'s",
    "profile.info.joined": "<span class=\"light\">הצטרפ/ה</span> $1",
    "profile.info.playsWith": "<span class=\"light\">משחק/ת בעזרת </span> $1",
    "profile.timeline.title": "ציר הזמן",
    "profile.timeline.addEntry": "הוסף רשומה",
    "profile.timeline.addEntry.placeholder": "משהו מעניין קרה...",
    "profile.goals.title": "מטרות",
    "profile.goals.welcome.title": "ברוכים הבאים אל <strong>המטרות</strong>",
    "profile.goals.welcome.body": "מטרות זה הדרך לעקוב אחר היעדים שלכם ב-osu!, מספירת מדליות, יעדי pp, ועד לתגים ודירוג! אתם יכול להוסיף יעד למטה. בצד שמאל מופיע סוג היעד, ולאחר מכן כדי להוסיף את המטרה ניתן ללחוץ על כפתור הפלוס בצד ימין!",
    "profile.goals.welcome.close": "הפאנל הזה ייסגר אוטומטי כאשר<br> אתם תוסיפו את המטרה הראשונה שלכם.",
    "profile.goals.input.placeholder": "כמות",
    "profile.goals.pp": "pp",
    "profile.goals.rank": "דירוג",
    "profile.goals.medals": "מדליות",
    "profile.goals.ssCount": "מספר SS",
    "profile.goals.badges": "תגים",
    "profile.goals.level": "רמה",
    "profile.goals.goal.title": "להגיע אל <strong>$1</strong> ב <strong>$2</strong>",
    "profile.goals.goal.subtitle": "$1 ($2%)",
    "profile.goals.goal.started": "התחיל/ה <strong>$1</strong>",
    "profile.goals.goalType": "סוג יעד",
    "profile.stats.title": "סטטיסטיקה",
    "profile.stats.globalRank": "דירוג עולמי",
    "profile.stats.countryRank": "דירוג מדיני",
    "profile.stats.accuracy": "דיוק",
    "profile.stats.pp": "pp",
    "profile.stats.playtime": "זמן משוחק",
    "profile.stats.plays": "משחקים",
    "profile.medals.title": "מדליות",
    "profile.medals.medals": "מדליות",
    "profile.medals.rank": "דירוג מדליות",
    "profile.medals.completion": "השלמת מדליה",
    "profile.medals.togo": "$1 מדליות נותרו",
    "profile.medals.until": "עד",
    "profile.medals.rarest": "<strong>המדליה</strong> הכי נדירה ",
    "profile.medals.onlyPercent": "רק $1 השיגו את המדליה הזאת!",
    "profile.medals.percentOfPlayers": "$1 מהשחקנים",
    "profile.medals.history.new": "$1<br>מדליות <br>חדשות",
    "profile.snapshots.title": "גירסאות עודכנו ב<light> מהדורות קודמות של Osekai</light>",
    "profile.snapshots.uploadDate": "הועלה למהדורות קודמות <strong>$1</strong>",
    "profile.snapshots.uploadDateUnknown": "תאריך שחרור לא ידוע",
    "loading": "טוען פרופיל"
}