{
    "home.addUser.title": "הוספת משתמש!",
    "home.addUser.loggedIn": "בגלל שאתם מחוברים, כבר נוספתם! אתם תכנסו בסבב הבא.",
    "home.addUser.loggedOut": "כדי להוסיף את עצמך לדירוג Osekai, פשוט היכנס עם חשבון ה-osu! שלך. לחץ על הכפתור בפינה השמאלית העליונה כדי לעשות זאת.",
    "home.addUser.addAnotherUser.title": "הוסף משתמש אחר",
    "home.addUser.addAnotherUser.loggedOut": "בבקשה התחבר בשביל להוסיף משתמש.",
    "home.addUser.addAnotherUser.placeholder": "ID של משתמש",
    "home.addUser.addAnotherUser.button": "הוספה",
    "general.medals.title": "מדליות",
    "general.allmode.title": "כל המצבים",
    "general.mappers.title": "מאפרים",
    "general.badges.title": "תגים",
    "general.medals.users": "משתמשים",
    "general.medals.rarity": "נדירות",
    "general.allmode.replays": "שידור חוזר",
    "general.allmode.standardDeviation": "סטיית תקן",
    "general.allmode.total": "סה\"כ pp",
    "general.mappers.ranked": "מפות מדורגות",
    "general.mappers.loved": "מפות אהובות",
    "general.mappers.subscribers": "מנויים",
    "general.badges.badges": "תגים",
    "general.medals.users.subheader": "לוח המשתמשים המובילים, מסודר לפי כמות המדליות שלהם!",
    "general.medals.rarity.subheader": "תהיתם פעם כמה נדירה כל מדליה? בררו כאן!",
    "general.allmode.replays.subheader": "משתמשים ממוינים לפי כמות השידורים החוזרים שלהם שנצפו!",
    "general.allmode.standardDeviation.subheader": "משתמשים ממוינים לפי סטיית תקן pp!",
    "general.allmode.total.subheader": "משתמשים ממוינים לפי ה-pp שלהם בשילוב כל המצבים!",
    "general.mappers.ranked.subheader": "גלה מי המאפר בדירוג הגבוה ביותר!",
    "general.mappers.loved.subheader": "גלה מי המאפר האהוב ביותר!",
    "general.mappers.subscribers.subheader": "גלה למי מהמאפרים יש הכי הרבה רשומים!",
    "general.badges.badges.subheader": "תגים",
    "bar.general.with": "עם",
    "bar.medals.users.rarestMedal": "המדליה הנדירה ביותר",
    "bar.medals.users.medalCompletion": "<span class='light'>התקדמות</span>המדליות",
    "bar.medals.rarity.heldBy": "מוחזק על ידי",
    "bar.medals.rarity.only": "בלבד",
    "bar.allmode.standardDeviation.standardDeviationPP": "סטיית תקן pp",
    "bar.allmode.standardDeviation.totalPP": "סה\"כ pp",
    "bar.allmode.standardDeviation.replaysWatched": "שידורים חוזרים שנצפו",
    "bar.mappers.ranked.rankedMaps": "מפות מדורגות",
    "bar.mappers.loved.lovedMaps": "מפות אהובות",
    "bar.mappers.subscribers.subscribers": "מנויים",
    "bar.badges.badges.badges": "תגים",
    "pagination.previous": "הקודם",
    "pagination.next": "הבא",
    "search.username": "שם משתמש",
    "search.userID": "ID של משתמש",
    "search.country": "מדינה",
    "search.rarestMedal": "המדליה הנדירה ביותר",
    "search.mode": "מצב",
    "search.group": "קבוצה",
    "search.placeholder": "חיפוש כאן!"
}