{
    "new.finished.title": "דווח!",
    "new.finished.button": "אוקיי!",
    "new.comment.title": "דווח/י על התגובה",
    "new.beatmap.title": "דווח/י על המפה הזאת",
    "new.bug.title": "דווח/י על באג",
    "new.comment.body": "אתם מדווחים כעת על תגובה זו. אנא ספקו לנו פרטים מעמיקים מדוע יש לבדוק או להסיר הערה זו. נא להימנע מלדווח על תגובות כבדיחה.",
    "new.beatmap.body": "אתם מדווחים על המפה שמוצעת. אנא ספרו לנו מדוע אתה חושב שהמפה אינה מתאימה למדליה זו, ולמה יש להסיר אותה.",
    "new.bug.body": "אם אתם רואים באג ב-Osekai, אתם יכולים לדווח עליו פה! כתבו לנו פרטים על איזה באג מתרחש, ואיך ניסתם לטפל בו בעצמכם.<br>נסו ללחוץ CTRL+F5, אם עוד לא ניסתם. דפדפנים בדרך כלל שומרים עותק מקומי של קבצים מהשרת לכמה ימים, ולפעמים הקבצים האלו כבר לא בתוקף או מכילים באגים. CTRL+F5 מאפס את העותקים האלו, ולעיתים רבות פותר באגים שאולי אתם חווים.",
    "new.comment.finished": "תודה שדווחת על התגובה! נבדוק אותה בהקדם האפשרי.",
    "new.beatmap.finished": "תודה שדווחת על המפה! נבדוק אותה בהקדם האפשרי!",
    "new.bug.finished": "Thanks for reporting this bug. Our development team will loo k into it as soon as possible! If you have more questions or issues, feel free to contact us through the osu! Medal Hunters Discord server, found in the Apps dropdown in the top left.",
    "new.bug.finished.button": "בסדר!",
    "logged-out": "Please log in to submit a report."
}