{
    "sidebar.search.placeholder": "חפש גרסה",
    "sidebar.submission": "יש לך גרסה מגניבה? צרפ/י אותה ל-Osekai Snapshots!",
    "submit.title": "שלח/י גרסה!",
    "submit.versionName.title": "שם הגרסה",
    "submit.versionName.description": "אתם יכולים למצוא את השם בתחתית תפריט האפשרויות ברוב הגרסאות.",
    "submit.versionName.placeholder": "דוגמה: b20200905.1",
    "submit.versionFile.title": "קובץ הגרסה",
    "submit.versionFile.description": "אנחנו צריכים קובץ ZIP של הגרסה. אתם יכולים להעלות את הקובץ לשירות כמו גוגל דרייב. זכרו למחוק את הקונפיגורציות שלכם!",
    "submit.versionInfo.title": "פרטי הגרסה",
    "submit.versionInfo.description": "ספרו לנו קצת על הגרסה שלכם! זה יכול להיות ארוך או קצר, בחירה שלכם!",
    "submit.versionInfo.placeholder": "לדוגמה: הגרסה הזאת סופר מגניבה ויש בה מלא פיצ'רים חדשים!",
    "submit.submit": "שלח/י גרסה",
    "submit.warning.header": "לפני שאתם שולחים את הגרסה הזאת, וודאו שמחקתם את קבצי הקונפיגורציות שלכם.",
    "submit.warning.body": "קבצי הקונפיגורציות האלה יכולים להכיל את פרטי ההתחברות שלכם ל-osu! כמו שם משתמש וסיסמה. בבקשה תוודאו שמחקתם את כל הקבצים האלה.",
    "submit.warning.confirm": "מחקתי את הקבצים האלה.",
    "submit.warning.cancel": "שכחתי! תנו לי לחזור.",
    "submit.warning.footer": "אם בטעות שלחתם גרסה עם קובץ קונפיגורציה, צרו קשר עם אדמין כדי למחוק אותם במיידית.",
    "submit.success.header": "תודה על הגרסה שלך! אנחנו נבדוק אותה מיד!",
    "version.released": "שוחרר 1$",
    "version.archivedBy": "אורכן על ידי $1",
    "version.description.title": "תיאור",
    "version.downloads.title": "הורדות",
    "version.download.title": "הורדה",
    "version.download.recommended": "מומלץ",
    "version.download.from": "מ- $1",
    "version.extraInfo.title": "מידע אקסטרה",
    "version.warnings.title": "אזהרות",
    "version.warnings.automaticallyUpdated.title": "עודכן אוטמטית",
    "version.warnings.automaticallyUpdated.description": "הקליינט הזה התעדכן אוטמטית במקור. החלנו עליו קובץ _staging כדי למנוע את זה.",
    "version.warnings.requiresServer.title": "דורש שרת",
    "version.warnings.requiresServer.description": "הקליינט הזה לא יכול להיפתח בלי שרת פרטי.",
    "version.screenshots": "צילומי מסך",
    "home.welcome": "ברוכים הבאים לבית החדש של ארכיון osu!",
    "home.welcome.description": "עבדנו קשה על האתר החדש שלנו, ואנחנו מצפים לשמוע מה אתם חושבים!",
    "home.welcome.title": "דף הבית",
    "home.slogan": "מביאים לכם $1 גרסאות osu! מ-2007 עד עכשיו!",
    "home.slogan.unloaded": "ארכיון גירסאות osu! מ2007 עד עכשיו!"
}