{
    "title": "Behöver du hjälp eller har några idéer? Kontakta oss!",
    "header": "Vi är ett litet team, och om du har något du skulle vilja diskutera eller något du behöver hjälp med i osekai, Vi hjälper gärna till!",
    "body.p1": "Det bästa sättet för dig att kontakta oss är att gå med i osu! Medal Hunters Discord.",
    "body.p2": "En länk till den här servern finns på hemsidan och i appmenyn längst upp till vänster på sidan.",
    "siteOwner": "Webbplatsens ägare: $1",
    "snapshots": "För eventuella problem eller önskemål om Osekai Snapshots, kontakta Hubz på hubz@hubza.co.uk"
}