{
    "title": "Donationer behövs aldrig, men är alltid uppskattat :)",
    "body.p1": "Vi använder dem för att täcka kostnaderna för att driva webbplatsen. För transparens kan du se alla kostnader som osekai webbplatsen själv producerat nedan.",
    "body.p2": "Vi vill erbjuda alla våra tjänster gratis. Den enda \"fördel\" du får av att donera, är en lite ❤ på ditt namn när du kommenterar och tillgång till osekai utveckling discord kanal, men liknande saker kan läggas till i framtiden.",
    "body.p3": "Den bästa donatorlistan nedan kommer inte att uppdateras direkt. Men oroa dig inte, vi kommer se till att uppdatera den när vi märker det!",
    "donate.title": "Donera!",
    "donate.header": "Vill du stödja oss? Vänligen skicka över en donation!",
    "donate.body": "Tänk på att visa ditt användarnamn, du måste logga in!",
    "donate.paypal": "Donera med PayPal",
    "donate.paysafecard": "Donera med Paysafecard",
    "costs.title": "Kostnader",
    "costs.covered": "täckta kostnader: $1 / $2",
    "top.title": "Toppdonatorer",
    "recent.title": "Senaste donationer",
    "recent.message": "Donation meddelande"
}