{
    "medal": "medalj",
    "medals": "medaljer",
    "club": "klubb",
    "date_released": "uppsläppt $1",
    "date_added": "lagt till $1",
    "date_updated": "uppdaterad $1",
    "date_posted": "avsänd $1",
    "date_submitted": "inlämnat",
    "date_last_played": "senast spelat $1",
    "submit": "Skicka",
    "add": "Lägg till",
    "update": "Uppdatera",
    "delete": "Radera",
    "cancel": "Avbryt",
    "global": "Global",
    "saveChanges": "Spara Ändringar",
    "remove": "Ta bort",
    "close": "Stäng",
    "language.switch": "Ändrar språk!",
    "locked.login": "Logga in för att använda den här funktionen!",
    "page.generatedIn": "Sida genererad på $1 sekunder.",
    "ok": "Okay"
}