{
    "cover.subtitle": "hem för <strong>alternativa rankningar</strong>, <strong>fördjupad profil info</strong>, <strong>medaljlösningar</strong>, <strong>hundratals versioner</strong>, och mer",
    "cover.madeFor": "har gjort för osu! gemenskapen av <span> <strong>osekai</strong> teamet</span>",
    "new": "ny!",
    "new.text": "i <strong>osekai</strong>...",
    "new.introducing": "Introducerar vår nya app:",
    "profiles.main": "Vi har arbetat på ett nytt sätt för dig att visa och hantera din osu! profil. Vi har kommit på fantastiska nya funktioner, som mål, tidslinje och mycket mer. Och efter ett års utveckling är det äntligen gjort. Kolla in det!",
    "medals.main": "Det bästa stället att hitta lösningar för alla osu! medaljer, de bästa beatmaparna att använda och till och med konversera i kommentarerna!",
    "snapshots.main": "Upplev den nostalgiska känslan av tidiga osu! versioner, eller kolla in några av de mer speciella versionerna på det nya hemmet för osu!archive!",
    "rankings.main": "Det enda stället att hitta alternativ osu! rankningar för medaljer, rankad maps och mer.",
    "badges.main": "Det bästa stället att hitta nästan varje medalj i osu!, tillsammans med deras ägare.",
    "discord.title": "Gå med i <strong>osu! medal hunters</strong> Discord!",
    "discord.text": "Kolla in den största osu! medaljjaktgemenskapen på Discord, där Osekai också bor!",
    "support.title": "Stöd oss!",
    "support.text": "Vi är bara ett litet team, och genom att donera hjälper vi oss att hålla igång servrarna och att fortsätta utveckla!",
    "faq": "FAQ",
    "faq.title": "Vanliga frågor",
    "faq.welcome": "Välkommen till Osekai FAQ!",
    "faq.welcome.intro": "Här hittar du svar på vanliga frågor om Osekai. Välj en fråga i sidofältet till vänster för att komma igång.",
    "team.title": "Teamet",
    "team.role.mulraf": "Projektledare & Ledande Utvecklare",
    "team.role.hubz": "Utvecklare & Ledande Designer",
    "team.role.electroyan": "Rankings Data Engineer",
    "team.role.remyria": "Gemenskaps Manager",
    "team.role.generic.snapshotsManager": "Snapshots Manager",
    "team.role.generic.snapshotsDeveloper": "Snapshots Utvecklare",
    "harumachi.title": "Harumachi Cup Omega. Den sista.",
    "harumachi.text": "Bästa värsta osu! turneringen återvänder för sista gången. Kolla in det!"
}