{
    "searchbar.placeholder": "sök efter en medalj",
    "searchbar.filters.tooltip": "Sökfilter",
    "searchbar.filters.title": "Filtrerande alternativ",
    "searchbar.filters.unobtainedMedals": "Ej erhållna medaljer",
    "solution.title": "Lösning",
    "beatmaps.title": "Beatmaps <p id=\"beatmap_count\" class=\"medals__bm-count\">0</p>",
    "beatmaps.note.add": "lägg till en anteckning",
    "beatmaps.note.view": "visa anteckningen",
    "beatmaps.note.title": "Anteckning",
    "beatmap.by": "av",
    "beatmap.mappedBy": "mappat av",
    "beatmap.viewOnOsu": "Visa beatmap pack på <strong>osu.ppy.sh</strong>",
    "beatmap.downloadWithDirect": "ladda ner med<strong> osu!direct</strong>",
    "beatmap.report": "rapportera denna beatmap",
    "beatmap.delete": "radera denna beatmap",
    "video.title": "Video",
    "beatmaps.add": "Lägg till Beatmap",
    "beatmaps.add.title": "Lägg till en beatmap",
    "beatmaps.add.body": "Lägg till en beatmap till medaljen $1",
    "beatmaps.add.p1": "Tänk på att denna beatmap måste resultera i att ta emot medaljen. Om den inte, kommer den att tas bort från listan.",
    "beatmaps.add.url.placeholder": "Beatmap URL",
    "beatmaps.add.note.placeholder": "Anteckning"
}