{
    "profile.viewOnOsekaiProfiles": "<light>visa profil på</light> osekai profiles",
    "profile.viewOnOsu": "<light>visa profil på</light> osu!",
    "profile.logOut": "logga ut",
    "profile.experimentalMode": "Du är för närvarande i Experimentellt läge. Saker kan brytas.",
    "profile.logIn": "logga in <light>med</light> osu!",
    "search.placeholder": "sök efter något. någonting.",
    "search.noResults": "Inga resultat hittades",
    "settings.title": "<strong>osekai</strong> inställningar",
    "settings.subtitle": "gör osekai ditt",
    "settings.global.title": "global",
    "settings.global.theme": "tema",
    "settings.global.theme.light": "ljus tema",
    "settings.global.theme.dark": "mörkt tema",
    "settings.global.theme.ultraDark": "ultra mörkt tema",
    "settings.global.theme.coldDark": "kallt mörkt tema",
    "settings.global.theme.system": "systemets tema",
    "settings.global.language": "språk",
    "settings.profiles.title": "profiler",
    "settings.profiles.showMedalsFromAllModes": "visa medaljer från alla lägen",
    "notifications.title": "<strong>aviseringar</strong>",
    "apps.support": "stöd osekai!",
    "apps.twitter": "kolla in osekai på twitter!",
    "apps.discord": "gå med i osu! Medal Hunters Discord!",
    "apps.contact": "kontakta oss",
    "apps.privacy": "sekretesspolicy",
    "apps.developmentDiscord": "gå med i vår utvecklingsserver",
    "tooltip.notifications": "Aviseringar",
    "tooltip.settings": "Inställningar",
    "tooltip.search": "Sök"
}