{
    "home.panel.body": "en fördjupad titt på din osu! profil",
    "home.yourProfile.title": "kolla",
    "home.yourProfile.subtitle": "din <strong>profil</strong>",
    "home.recentlyViewed.title": "Nyligen besökta",
    "home.mostViewed.title": "Mest besökta",
    "home.globalRankings.title": "Global rankning",
    "profile.bar.user": "Profil",
    "profile.bar.user.new": "<strong>$1</strong>'s profil",
    "profile.bar.user.new-s": "<strong>$1</strong>' profil",
    "profile.info.joined": "<span class=\"light\">gick med</span> $1",
    "profile.info.playsWith": "<span class=\"light\">spelar med</span> $1",
    "profile.timeline.title": "Tidslinje",
    "profile.timeline.addEntry": "Lägg till inlägg",
    "profile.timeline.addEntry.placeholder": "något intressant hände...",
    "profile.goals.title": "Mål",
    "profile.goals.welcome.title": "Välkommen till <strong>Mål</strong>",
    "profile.goals.welcome.body": "Mål är ett sätt att hålla reda på dina osu! mål, från medaljräkning, till pp mål, till även märken och rank! Du kan lägga till ett mål nedan. Till vänster är måltypen, och sedan för att lägga till målet kan du slå plusknappen till höger!",
    "profile.goals.welcome.close": "Denna panel stängs automatiskt när<br>du har lagt till ditt första mål.",
    "profile.goals.input.placeholder": "Summa",
    "profile.goals.pp": "pp",
    "profile.goals.rank": "rank",
    "profile.goals.medals": "medaljer",
    "profile.goals.ssCount": "Antal SS",
    "profile.goals.badges": "märken",
    "profile.goals.level": "nivå",
    "profile.goals.goal.title": "Nå <strong>$1</strong> i <strong>$2</strong>",
    "profile.goals.goal.subtitle": "$1 ($2%)",
    "profile.goals.goal.started": "startade <strong>$1</strong>",
    "profile.goals.goalType": "Måltyp",
    "profile.stats.title": "Statistik",
    "profile.stats.globalRank": "global rankning",
    "profile.stats.countryRank": "nationell rankning",
    "profile.stats.accuracy": "träffsäkerhet",
    "profile.stats.pp": "pp",
    "profile.stats.playtime": "total speltid",
    "profile.stats.plays": "antal spelat",
    "profile.medals.title": "Medaljer",
    "profile.medals.medals": "medaljer",
    "profile.medals.rank": "medalj rank",
    "profile.medals.completion": "medalj avslutning",
    "profile.medals.togo": "$1 medaljer att gå",
    "profile.medals.until": "tills",
    "profile.medals.rarest": "<strong>sällsynta</strong> medalj",
    "profile.medals.onlyPercent": "bara $1 har denna medalj!",
    "profile.medals.percentOfPlayers": "$1% av spelarna",
    "profile.medals.history.new": "$1<br>nya<br>medaljer",
    "profile.snapshots.title": "Versioner uppladdade <light>till Osekai Snapshots</light>",
    "profile.snapshots.uploadDate": "Uppladdad till Snapshots <strong>$1</strong>",
    "profile.snapshots.uploadDateUnknown": "Uppladdningsdatum okänt",
    "loading": "Laddar profil"
}