{
    "home.addUser.title": "Lägg till en användare!",
    "home.addUser.loggedIn": "Eftersom du är inloggad har du redan blivit tillagd! Du kommer att behandlas på nästa slinga.",
    "home.addUser.loggedOut": "För att lägga till dig själv i Osekai Rankings loggar du in med ditt osu! konto. Klicka på knappen uppe till höger för att göra det.",
    "home.addUser.addAnotherUser.title": "Lägg till en annan användare",
    "home.addUser.addAnotherUser.loggedOut": "Logga in för att lägga till en användare.",
    "home.addUser.addAnotherUser.placeholder": "Användar-ID",
    "home.addUser.addAnotherUser.button": "Lägg till",
    "general.medals.title": "Medaljer",
    "general.allmode.title": "Alla lägen",
    "general.mappers.title": "Mappare",
    "general.badges.title": "Märken",
    "general.medals.users": "Användare",
    "general.medals.rarity": "Sällsynthet",
    "general.allmode.replays": "Repriser",
    "general.allmode.standardDeviation": "Standardavvikelse",
    "general.allmode.total": "Totalt pp",
    "general.mappers.ranked": "Rankade Mapsets",
    "general.mappers.loved": "Älskade Mapsets",
    "general.mappers.subscribers": "Prenumeranter",
    "general.badges.badges": "Märken",
    "general.medals.users.subheader": "en topplista över användare, sorterad efter deras antal medaljer!",
    "general.medals.rarity.subheader": "någonsin undrat hur sällsynt varje medalj är? ta reda på här!",
    "general.allmode.replays.subheader": "användare sorterade efter mängden repriser av deras visade!",
    "general.allmode.standardDeviation.subheader": "användare sorterade efter standardavvikelse pp!",
    "general.allmode.total.subheader": "användare sorterade efter deras pp kombinerat över alla lägen!",
    "general.mappers.ranked.subheader": "ta reda på vem den högst rankade mapparen är!",
    "general.mappers.loved.subheader": "ta reda på vem den mest älskade mapparen är!",
    "general.mappers.subscribers.subheader": "ta reda på vem den mest prenumererade användaren är!",
    "general.badges.badges.subheader": "märken",
    "bar.general.with": "med",
    "bar.medals.users.rarestMedal": "sällsynta medalj",
    "bar.medals.users.medalCompletion": "<span class='light'>medalj</span> slutförd",
    "bar.medals.rarity.heldBy": "hålls av",
    "bar.medals.rarity.only": "endast",
    "bar.allmode.standardDeviation.standardDeviationPP": "standardavvikande pp",
    "bar.allmode.standardDeviation.totalPP": "totalt pp",
    "bar.allmode.standardDeviation.replaysWatched": "repriser sedda",
    "bar.mappers.ranked.rankedMaps": "rankad maps",
    "bar.mappers.loved.lovedMaps": "älskade maps",
    "bar.mappers.subscribers.subscribers": "prenumeranter",
    "bar.badges.badges.badges": "märken",
    "pagination.previous": "föregående",
    "pagination.next": "nästa",
    "search.username": "Användarnamn",
    "search.userID": "Användar-ID",
    "search.country": "Land",
    "search.rarestMedal": "Mest sällsynta medalj",
    "search.mode": "Läge",
    "search.group": "Grupp",
    "search.placeholder": "sök här!"
}