{
    "sidebar.search.placeholder": "sök efter en version",
    "sidebar.submission": "Har du en häftig version? Skicka den till Osekai Snapshots!",
    "submit.title": "Lägg till en version!",
    "submit.versionName.title": "Versionens namn",
    "submit.versionName.description": "Du kan hitta detta längst ner i alternativmenyn på de flesta versioner.",
    "submit.versionName.placeholder": "t.ex. b20200905.1",
    "submit.versionFile.title": "Versionens fil",
    "submit.versionFile.description": "Vi behöver en ZIP för versionen. Du kan ladda upp en med hjälp av en uppladdningstjänst som Google Drive. Kom ihåg att ta bort dina konfigurationer!",
    "submit.versionInfo.title": "Information om versionen",
    "submit.versionInfo.description": "Berätta bara lite om din version! Detta kan vara kort eller lång, ditt val!",
    "submit.versionInfo.placeholder": "t.ex. denna version är super fantastisk och kommer med en massa nya funktioner!",
    "submit.submit": "Lägg till en version",
    "submit.warning.header": "Innan du skickar in denna version, se till att du har tagit bort alla konfigurationsfiler.",
    "submit.warning.body": "Dessa konfigurationsfiler kan innehålla dina osu! inloggningsuppgifter, såsom användarnamn och lösenord. Se till att du har tagit bort dessa.",
    "submit.warning.confirm": "Jag har tagit bort dessa filer.",
    "submit.warning.cancel": "Jag glömde! Låt mig gå tillbaka.",
    "submit.warning.footer": "Om du av misstag skickar in en version med en konfigurationsfil, vänligen kontakta en administratör för att få den borttagen omedelbart.",
    "submit.success.header": "Tack för din inlämning! Vi kommer att kolla in det genast!",
    "version.released": "uppsläppt $1",
    "version.archivedBy": "arkiverad av $1",
    "version.description.title": "Beskrivning",
    "version.downloads.title": "Nedladdningar",
    "version.download.title": "ladda ner",
    "version.download.recommended": "rekommenderad",
    "version.download.from": "från $1",
    "version.extraInfo.title": "Extra info",
    "version.warnings.title": "Varningar",
    "version.warnings.automaticallyUpdated.title": "Automatiskt uppdaterad",
    "version.warnings.automaticallyUpdated.description": "Den här klienten uppdaterades automatiskt. Vi har använt en _staging-fil för att förhindra detta.",
    "version.warnings.requiresServer.title": "Kräver server",
    "version.warnings.requiresServer.description": "Detta klient kan inte öppnas utan att ansluta till en privat server.",
    "version.screenshots": "Skärmdumpar",
    "home.welcome": "Välkommen till det nya hemmet för osu!archive!",
    "home.welcome.description": "vi har arbetat hårt på vår nya webbplats, och vi längtar efter att höra från dig vad du tycker!",
    "home.welcome.title": "Hemsidan",
    "home.slogan": "arkiverar $1 osu! versioner från 2007 till nu!",
    "home.slogan.unloaded": "arkiverar osu! versioner från 2007 till nu!"
}