{
    "home.slogan": "место всего и вся на osekai!",
    "rankings.slogan": "#1 альтернативная система рейтинга для osu!",
    "medals.slogan": "решения для всех медалей, прямо у вас в руках!",
    "profiles.slogan": "подробный взгляд на ваш профиль osu!",
    "snapshots.slogan": "архивы osu! версий с 2007 по настоящее время!",
    "badges.slogan": "место где можно увидеть почти все бейджи в osu!"
}