{
    "badges.title": "Бейджи ($1)",
    "sort.awardedAt.asc": "Когда выдан (по возрастанию)",
    "sort.awardedAt.desc": "Когда выдан (по убыванию)",
    "sort.name.asc": "Название (a-z)",
    "sort.name.desc": "Название (z-a)",
    "sort.playerCount.asc": "Количество игроков (по возрастанию)",
    "sort.playerCount.desc": "Количество игроков (по убыванию)",
    "search.placeholder": "поиск бейджика!",
    "badge.firstAchieved": "впервые достигнут <strong>$1</strong>",
    "badge.ownedBy": "принадлежит <strong>$1</strong> игрокам",
    "badge.ownedBySingular": "принадлежит <strong>$1</strong> игроку",
    "badge.popup.playersWhoHave": "<strong>игроки</strong> у которых есть этот значок",
    "badge.popup.1xVariant": "<strong>@1x</strong><br>вариант",
    "paused": "Обработка для Osekai Badges в данный момент приостановлена. Только значки до $1 будут отображены.",
    "viewtype.grid": "Сетка",
    "viewtype.compactList": "Компактный Список",
    "viewtype.list": "Список",
    "viewtype.ultraCompact": "Ультра Компактный"
}