{
    "title": "Нужна помощь или есть идеи? Свяжитесь с нами!",
    "header": "Мы - небольшая команда и если у вас есть что-нибудь, что вы хотите обсудить или с чем вам нужна помощь в osekai, мы будем рады помочь!",
    "body.p1": "Лучший способ связаться с нами - присоединиться к osu! Medal Hunters Discord серверу.",
    "body.p2": "Ссылка на этот сервер находится на домашней странице и в раскрывающемся списке приложений в левом верхнем углу страницы.",
    "siteOwner": "Владелец Сайта: $1",
    "snapshots": "По любым вопросам или просьбам, касающимся Osekai Snapshots, обращайтесь к Hubz по адресу hubz@hubza.co.uk"
}