{
    "title": "Пожертвования никогда не нужны, но всегда ценятся :)",
    "body.p1": "Мы используем их для покрытия расходов на обслуживание веб-сайта. Для прозрачности вы можете увидеть все затраты на сайт osekai ниже.",
    "body.p2": "Мы хотим предоставлять все наши услуги бесплатно. Единственное 'преимущество' которое вы получаете от пожертвования, это небольшое ❤ возле вашего имени при комментировании, и доступ к discord каналу разработки osekai, но подобные вещи могут быть добавлены в будущем.",
    "body.p3": "Список топ донатов ниже не будет обновлен мгновенно. Не волнуйтесь, мы обновим его, как только заметим!",
    "donate.title": "Пожертвовать!",
    "donate.header": "Хотите поддержать нас? Пожалуйста, отправьте пожертвование!",
    "donate.body": "Имейте в виду, чтобы показать свое имя пользователя, вы должны войти!",
    "donate.paypal": "Пожертвовать с помощью PayPal",
    "donate.paysafecard": "Пожертвовать с помощью Paysafecard",
    "costs.title": "Затраты",
    "costs.covered": "покрытые расходы: $1 / $2",
    "top.title": "Топ Донатов",
    "recent.title": "Последние Пожертвования",
    "recent.message": "Сообщение Пожертвования"
}