{
    "medal": "медаль",
    "medals": "медали",
    "club": "клуб",
    "date_released": "выпущено $1",
    "date_added": "добавлено $1",
    "date_updated": "обновлено $1",
    "date_posted": "опубликовано $1",
    "date_submitted": "отправлено",
    "date_last_played": "последняя активность $1",
    "submit": "Отправить",
    "add": "Добавить",
    "update": "Обновить",
    "delete": "Удалить",
    "cancel": "Отменить",
    "global": "Глобальный",
    "saveChanges": "Сохранить Изменения",
    "remove": "Убрать",
    "close": "Закрыть",
    "language.switch": "Смена языка!",
    "locked.login": "Войдите, чтобы использовать эту функцию!",
    "page.generatedIn": "Страница сгенерирована за $1 секунд.",
    "ok": "Okay"
}