{
    "cover.subtitle": "место с <strong>альтернативными рейтингами</strong>, <strong>подробной информацией о профилях</strong>, <strong>решениями для медалей</strong>, <strong>сотнями версий</strong> и многим другим",
    "cover.madeFor": "создано для сообщества osu! <span>командой <strong>osekai</strong></span>",
    "new": "новое!",
    "new.text": "в <strong>osekai</strong>...",
    "new.introducing": "Представляем наше новое приложение:",
    "profiles.main": "Мы работали над новым способом для вас, чтобы просматривать и управлять своим профилем osu! Мы придумали некоторые новые потрясающие функции, такие как: Цели, Хронология, и многое другое. И после более чем года разработки, они наконец завершены. Попробуйте!",
    "medals.main": "Лучшее место для поиска решений всех osu! медалей, лучших карт для их получения и даже обсуждения в комментариях!",
    "snapshots.main": "Испытайте ностальгические ощущения ранних релизов osu! или взгляните на некоторые из более особых версий на новой странице для osu!archive!",
    "rankings.main": "Единственное место, где можно найти альтернативные рейтинги osu! для медалей, рейтинговых карт, и многое другое.",
    "badges.main": "Лучшее место, чтобы найти почти каждый бейджик в osu! вместе с их владельцами.",
    "discord.title": "Присоединяйтесь к <strong>osu! medal hunters</strong> Discord серверу!",
    "discord.text": "Присоединитесь к самому большому сообществу охотников за медалями osu! в Discord, где также проживает Osekai!",
    "support.title": "Поддержать нас!",
    "support.text": "Мы - небольшая команда, и своим пожертвованием вы помогаете нам поддерживать сервера в рабочем состоянии и продолжать разработку!",
    "faq": "ЧаВО",
    "faq.title": "Часто Задаваемые Вопросы",
    "faq.welcome": "Добро пожаловать в Osekai ЧаВО!",
    "faq.welcome.intro": "Здесь вы можете найти ответы на часто задаваемые вопросы об Osekai. Выберите вопрос на боковой панели слева, чтобы начать.",
    "team.title": "Команда",
    "team.role.mulraf": "Руководитель Проекта и Ведущий Разработчик",
    "team.role.hubz": "Разработчик и Ведущий Дизайнер",
    "team.role.electroyan": "Инженер Данных Рейтингов",
    "team.role.remyria": "Менеджер Cообщества",
    "team.role.generic.snapshotsManager": "Менеджер Снапшотов",
    "team.role.generic.snapshotsDeveloper": "Разработчик Снапшотов",
    "harumachi.title": "Harumachi Cup Omega. Последний.",
    "harumachi.text": "Лучший из худших osu! турниров возвращается в последний раз. Зарегистрируйтесь!"
}