{
    "searchbar.placeholder": "поиск медали",
    "searchbar.filters.tooltip": "Фильтры Поиска",
    "searchbar.filters.title": "Параметры фильтрации",
    "searchbar.filters.unobtainedMedals": "Неполученные Медали",
    "solution.title": "Решение",
    "beatmaps.title": "Карты <p id=\"beatmap_count\" class=\"medals__bm-count\">0</p>",
    "beatmaps.note.add": "добавить заметку",
    "beatmaps.note.view": "просмотреть заметку",
    "beatmaps.note.title": "Заметка",
    "beatmap.by": "от",
    "beatmap.mappedBy": "создана",
    "beatmap.viewOnOsu": "Посмотреть набор карт на <strong>osu.ppy.sh</strong>",
    "beatmap.downloadWithDirect": "скачать с помощью<strong> osu!direct</strong>",
    "beatmap.report": "пожаловаться на эту карту",
    "beatmap.delete": "удалить эту карту",
    "video.title": "Видео",
    "beatmaps.add": "Добавить Карту",
    "beatmaps.add.title": "Добавить карту",
    "beatmaps.add.body": "Добавить карту для медали $1",
    "beatmaps.add.p1": "Имейте в виду, что эта карта должна привести к получению медали. Если нет - она будет удалена из списка.",
    "beatmaps.add.url.placeholder": "Ссылка на карту",
    "beatmaps.add.note.placeholder": "Заметка"
}