{
    "profile.viewOnOsekaiProfiles": "<light>посмотреть профиль на</light> osekai profiles",
    "profile.viewOnOsu": "<light>открыть профиль в</light> osu!",
    "profile.logOut": "выйти",
    "profile.experimentalMode": "Вы находитесь в экспериментальном режиме. Что-то может сломаться.",
    "profile.logIn": "войти в систему <light>с помощью</light> osu!",
    "search.placeholder": "ищите что-нибудь. что угодно.",
    "search.noResults": "Ничего не найдено",
    "settings.title": "настройки <strong>osekai</strong>",
    "settings.subtitle": "настройте osekai под себя",
    "settings.global.title": "глобальные",
    "settings.global.theme": "тема",
    "settings.global.theme.light": "светлая тема",
    "settings.global.theme.dark": "темная тема",
    "settings.global.theme.ultraDark": "ультра темная тема",
    "settings.global.theme.coldDark": "холодная темная тема",
    "settings.global.theme.system": "системная тема",
    "settings.global.language": "язык",
    "settings.profiles.title": "профили",
    "settings.profiles.showMedalsFromAllModes": "показывать медали из всех режимов",
    "notifications.title": "<strong>уведомления</strong>",
    "apps.support": "поддержать osekai!",
    "apps.twitter": "посетите osekai на twitter!",
    "apps.discord": "присоединяйтесь к osu! Medal Hunters Discord серверу!",
    "apps.contact": "связаться с нами",
    "apps.privacy": "политика конфиденциальности",
    "apps.developmentDiscord": "присоединяйтесь к нашему серверу разработки",
    "tooltip.notifications": "Уведомления",
    "tooltip.settings": "Настройки",
    "tooltip.search": "Поиск"
}