{
    "home.panel.body": "подробный взгляд на ваш профиль osu!",
    "home.yourProfile.title": "посетите",
    "home.yourProfile.subtitle": "ваш <strong>профиль</strong>",
    "home.recentlyViewed.title": "Недавно Просмотренные",
    "home.mostViewed.title": "Самые Просматриваемые",
    "home.globalRankings.title": "Глобальные Рейтинги",
    "profile.bar.user": "Профиль",
    "profile.bar.user.new": "<strong>$1</strong>'s Профиль",
    "profile.bar.user.new-s": "<strong>$1</strong>' Профиль",
    "profile.info.joined": "<span class=\"light\">присоединился</span> $1",
    "profile.info.playsWith": "<span class=\"light\">играет с</span> $1",
    "profile.timeline.title": "Хронология",
    "profile.timeline.addEntry": "Добавить Запись",
    "profile.timeline.addEntry.placeholder": "произошло что-то интересное...",
    "profile.goals.title": "Цели",
    "profile.goals.welcome.title": "Добро пожаловать в <strong>Цели</strong>",
    "profile.goals.welcome.body": "Цели - это способ отслеживать ваши osu! цели, от количества медалей до целей с количеством pp, и даже бейджиков и званий! Вы можете добавить цель ниже. Слева - тип цели, а затем, чтобы добавить цель, нажмите на кнопку + справа!",
    "profile.goals.welcome.close": "Эта панель закроется автоматически, когда<br>вы добавите свою первую цель.",
    "profile.goals.input.placeholder": "Количество",
    "profile.goals.pp": "pp",
    "profile.goals.rank": "рейтинг",
    "profile.goals.medals": "медали",
    "profile.goals.ssCount": "Количество SS",
    "profile.goals.badges": "бейджи",
    "profile.goals.level": "уровень",
    "profile.goals.goal.title": "Достичь <strong>$1</strong> в <strong>$2</strong>",
    "profile.goals.goal.subtitle": "$1 ($2%)",
    "profile.goals.goal.started": "начата <strong>$1</strong>",
    "profile.goals.goalType": "Тип Цели",
    "profile.stats.title": "Статистика",
    "profile.stats.globalRank": "глобальный рейтинг",
    "profile.stats.countryRank": "рейтинг в стране",
    "profile.stats.accuracy": "точность",
    "profile.stats.pp": "pp",
    "profile.stats.playtime": "времени в игре",
    "profile.stats.plays": "количество игр",
    "profile.medals.title": "Медали",
    "profile.medals.medals": "медалей",
    "profile.medals.rank": "рейтинг по медалям",
    "profile.medals.completion": "процент полученных медалей",
    "profile.medals.togo": "$1 медалей осталось",
    "profile.medals.until": "до",
    "profile.medals.rarest": "<strong>редчайшая</strong> медаль",
    "profile.medals.onlyPercent": "только $1 имеют эту медаль!",
    "profile.medals.percentOfPlayers": "$1% игроков",
    "profile.medals.history.new": "$1<br>новых<br>медалей",
    "profile.snapshots.title": "Версии, загруженные <light>в Osekai Snapshots</light>",
    "profile.snapshots.uploadDate": "Загружено в Снапшоты <strong>$1</strong>",
    "profile.snapshots.uploadDateUnknown": "Дата загрузки неизвестна",
    "loading": "Загрузка профиля"
}