{
    "home.addUser.title": "Добавить пользователя!",
    "home.addUser.loggedIn": "Так как вы вошли в систему, вы уже были добавлены! Вы будете обработаны в следующем цикле.",
    "home.addUser.loggedOut": "Чтобы добавить себя в Osekai Rankings, просто войдите в аккаунт osu! Нажмите на кнопку в верхнем правом углу, чтобы сделать это.",
    "home.addUser.addAnotherUser.title": "Добавить другого пользователя",
    "home.addUser.addAnotherUser.loggedOut": "Пожалуйста, войдите, чтобы добавить пользователя.",
    "home.addUser.addAnotherUser.placeholder": "ID Пользователя",
    "home.addUser.addAnotherUser.button": "Добавить",
    "general.medals.title": "Медали",
    "general.allmode.title": "Все Режимы",
    "general.mappers.title": "Мапперы",
    "general.badges.title": "Бейджи",
    "general.medals.users": "Пользователи",
    "general.medals.rarity": "Редкость",
    "general.allmode.replays": "Реплеи",
    "general.allmode.standardDeviation": "Стандартное Отклонение",
    "general.allmode.total": "Всего pp",
    "general.mappers.ranked": "Рейтинговые Карты",
    "general.mappers.loved": "Любимые Карты",
    "general.mappers.subscribers": "Подписчики",
    "general.badges.badges": "Бейджи",
    "general.medals.users.subheader": "таблица лидеров, отсортированная по количеству их медалей!",
    "general.medals.rarity.subheader": "когда-нибудь гадали, насколько редкой является каждая медаль? узнайте здесь!",
    "general.allmode.replays.subheader": "пользователи отсортированы по количеству просмотров их реплеев!",
    "general.allmode.standardDeviation.subheader": "пользователи отсортированы по стандартному отклонению pp!",
    "general.allmode.total.subheader": "пользователи отсортированы по количеству их pp комбинированному по всем режимам!",
    "general.mappers.ranked.subheader": "узнайте, кто является лидером по количеству их рейтинговых карт!",
    "general.mappers.loved.subheader": "узнайте, кто является лидером по количеству их любимых карт!",
    "general.mappers.subscribers.subheader": "узнайте, кто является самым подписываемым пользователем!",
    "general.badges.badges.subheader": "бейджи",
    "bar.general.with": "с",
    "bar.medals.users.rarestMedal": "редчайшая медаль",
    "bar.medals.users.medalCompletion": "завершение <span class='light'>медалей</span>",
    "bar.medals.rarity.heldBy": "удерживается",
    "bar.medals.rarity.only": "только",
    "bar.allmode.standardDeviation.standardDeviationPP": "стандартно отклоненные pp",
    "bar.allmode.standardDeviation.totalPP": "всего pp",
    "bar.allmode.standardDeviation.replaysWatched": "реплеев просмотрено",
    "bar.mappers.ranked.rankedMaps": "рейтинговые карты",
    "bar.mappers.loved.lovedMaps": "любимые карты",
    "bar.mappers.subscribers.subscribers": "подписчики",
    "bar.badges.badges.badges": "бейджи",
    "pagination.previous": "пред.",
    "pagination.next": "след.",
    "search.username": "Имя Пользователя",
    "search.userID": "ID Пользователя",
    "search.country": "Страна",
    "search.rarestMedal": "Редчайшая Медаль",
    "search.mode": "Режим",
    "search.group": "Группа",
    "search.placeholder": "ищите здесь!"
}