{
    "sidebar.search.placeholder": "поиск версии",
    "sidebar.submission": "Есть классная версия? Отправьте ее в Osekai Snapshots!",
    "submit.title": "Отправить версию!",
    "submit.versionName.title": "Название версии",
    "submit.versionName.description": "Вы можете найти это в нижней части меню опций для большинства версий.",
    "submit.versionName.placeholder": "например b20200905.1",
    "submit.versionFile.title": "Файл версии",
    "submit.versionFile.description": "Нам нужен ZIP-файл версии. Вы можете загрузить один с помощью сервисов загрузки, например, Google Drive. Не забудьте удалить ваши файлы конфигурации!",
    "submit.versionInfo.title": "Информация о версии",
    "submit.versionInfo.description": "Расскажите нам немного о вашей версии! Это может быть коротко или длинно, на ваш выбор!",
    "submit.versionInfo.placeholder": "Например: Эта версия очень потрясающая и предоставляется с рядом новых возможностей!",
    "submit.submit": "Отправить Версию",
    "submit.warning.header": "Перед отправкой этой версии убедитесь, что вы удалили все файлы конфигурации.",
    "submit.warning.body": "Эти файлы конфигурации могут содержать ваши данные для входа в систему osu! Например, имя пользователя и пароль. Пожалуйста, убедитесь, что вы их удалили.",
    "submit.warning.confirm": "Я удалил эти файлы.",
    "submit.warning.cancel": "Я забыл! Давайте мне вернуться.",
    "submit.warning.footer": "Если вы случайно отправили версию с конфигурационным файлом, пожалуйста, свяжитесь с администратором, чтобы немедленно удалить его.",
    "submit.success.header": "Спасибо за ваше предложение! Мы проверим его как можно скорее!",
    "version.released": "выпущено $1",
    "version.archivedBy": "архивировано $1",
    "version.description.title": "Описание",
    "version.downloads.title": "Загрузки",
    "version.download.title": "загрузить",
    "version.download.recommended": "рекомендуемый",
    "version.download.from": "с $1",
    "version.extraInfo.title": "Дополнительная информация",
    "version.warnings.title": "Предупреждения",
    "version.warnings.automaticallyUpdated.title": "Автоматически Обновляемый Клиент",
    "version.warnings.automaticallyUpdated.description": "Этот клиент изначально автоматически обновляемый. Мы применили _staging файл, чтобы предотвратить это.",
    "version.warnings.requiresServer.title": "Требуется Сервер",
    "version.warnings.requiresServer.description": "Этот клиент не может быть открыт без подключения к приватному серверу.",
    "version.screenshots": "Скриншоты",
    "home.welcome": "Добро пожаловать на новую страницу osu!archive!",
    "home.welcome.description": "мы активно работали над нашим новым сайтом, и мы с нетерпением ждём, чтобы услышать, что вы думаете!",
    "home.welcome.title": "Домашняя страница",
    "home.slogan": "обслуживает $1 версий osu! с 2007 по настоящее время!",
    "home.slogan.unloaded": "архивы osu! версий с 2007 по настоящее время!"
}