{
    "badges.title": "Badges ($1)",
    "sort.awardedAt.asc": "Obtenido el (ascendente)",
    "sort.awardedAt.desc": "Obtenido el (descendente)",
    "sort.name.asc": "Nombre (a-z)",
    "sort.name.desc": "Nombre (z-a)",
    "sort.playerCount.asc": "Cantidad de jugadores (ascendiente)",
    "sort.playerCount.desc": "Cantidad de jugadores (descendiente)",
    "search.placeholder": "¡Busca la medalla!",
    "badge.firstAchieved": "primera conseguida <strong>$1</strong>",
    "badge.ownedBy": "obtenida por <strong>$1</strong> jugadores",
    "badge.ownedBySingular": "obtenida por <strong>$1</strong> jugador",
    "badge.popup.playersWhoHave": "<strong>jugadores</strong> que tienen esta medalla",
    "badge.popup.1xVariant": "<strong>@1x</strong><br>variante",
    "paused": "El proceso para Osekai Badges está actualmente en pausa. Solo las medallas antes de $1 serán mostradas.",
    "viewtype.grid": "Cuadrícula",
    "viewtype.compactList": "Listado Compacto",
    "viewtype.list": "Listado",
    "viewtype.ultraCompact": "Ultra Compacto"
}