{
    "title": "¿Necesitas ayuda o tienes alguna idea? ¡Contáctanos!",
    "header": "Somos un equipo pequeño, y si quieres discutir o necesitas ayuda en lago relacionado con osekai, ¡estaremos felices de ayudar!",
    "body.p1": "La mejor forma de contactarnos es entrando al discord osu! Medal Hunters Discord.",
    "body.p2": "El link hacia nuestro servidor está en la página principal y las aplicaciones se despliegan por la esquina izquierda de la página.",
    "siteOwner": "Propietario del Sitio: $1",
    "snapshots": "Si tienes problemas o solicitudes con respecto a Osekai Snapshots, por favor contacta a Hubz por hubz@hubza.co.uk"
}