{
    "title": "Las donasiones no son necesarias, pero siempre son apreciadas :)",
    "body.p1": "Las utilizamos para cubrir los costos de mantener el sitio. Para mayor transparencia puedes ver todos los gastos utilizados en el sitio de osekai aquí abajo.",
    "body.p2": "Queremos proveer nuestros servicios de forma gratuita. La única \"ventaja\" que tendrás será un pequeño ❤ al lado de tu nombre cuándo comentes y tendrás acceso al canal de development en Discord; cosas similares podrían ser añadidas en un futuro.",
    "body.p3": "El top de donadores no será actualizado de forma instantánea. No te preocupes, ¡nos aseguraremos de actualizarlo una vez nos demos cuenta!",
    "donate.title": "¡Donar!",
    "donate.header": "¿Quieres ayudarnos? ¡Por favor envía una donación!",
    "donate.body": "¡Ten en cuenta que para mostrar tu usuario tienes que iniciar sesión!",
    "donate.paypal": "Donart con PayPal",
    "donate.paysafecard": "Donar con Paysafecard",
    "costs.title": "Costos",
    "costs.covered": "costos cubiertos: $1 / $2",
    "top.title": "Top de Donadores",
    "recent.title": "Donaciones Más Recientes",
    "recent.message": "Mensaje de la Donación"
}