{
    "medal": "medalla",
    "medals": "medallas",
    "club": "club",
    "date_released": "realesed $1",
    "date_added": "añadido $1",
    "date_updated": "actualizado $1",
    "date_posted": "publicado $1",
    "date_submitted": "enviado",
    "date_last_played": "última vez jugado $1",
    "submit": "Enviar",
    "add": "Añadir",
    "update": "Actualizar",
    "delete": "Borrar",
    "cancel": "Cancelar",
    "global": "Global",
    "saveChanges": "Guardar cambios",
    "remove": "Quitar",
    "close": "Cerrar",
    "language.switch": "¡Cambiar de idioma!",
    "locked.login": "¡Inicia sesión para poder usar esta función!",
    "page.generatedIn": "Pagina generada en $1 segundos.",
    "ok": "Okay"
}