{
    "cover.subtitle": "el hogar de <strong>los rankings alternativos</strong>, <strong>información más detallada de tu perfil</strong>, <strong>solución a medallas</strong>, <strong>cientos de versiones</strong>, y más",
    "cover.madeFor": "mecho para la comunidad de osu por <span>the<strong> osekai</strong> team</span>",
    "new": "¡Nuevo!",
    "new.text": "en <strong>osekai</strong>...",
    "new.introducing": "Introduciendo nuestra nueva aplicación:",
    "profiles.main": "Hemos estado trabajando en una nueva forma de que puedas ver y manejar tu perfil de osu!. Hemos traído estas nuevas y asombrosas funciones, cómo Metas, Línea de tiempo y mucho más. Luego de casi un año de desarrollo, está finalmente terminado. ¡Echa un vistazo!",
    "medals.main": "El mejor lugar para encontrar las soluciones para todas las medallas de osu!, los mapas que necesitas e ¡incluso conversar en los comentarios!",
    "snapshots.main": "Experimenta la nostalgia de las antiguas versiones de osu!, o busca alguna versión más especial en nuestra nueva página osu!archive!",
    "rankings.main": "El único lugar para encontrar rankings alternativos de osu! para medallas, mapas rankeados, y más.",
    "badges.main": "El mejor lugar para encontrar todas las medallas de osu!, junto a sus poseedores.",
    "discord.title": "Entra al Discord de <strong>osu! medal hunters</strong>",
    "discord.text": "Encuentra a la comunidad más grande de cazadores de medallas en Discord, ¡También de Osekai!",
    "support.title": "¡Apóyanos!",
    "support.text": "Somos un pequeño equipo, ¡y al donar nos ayuda a mantener los servidores funcionando y en desarrollo!",
    "faq": "Preguntas Frecuentes",
    "faq.title": "Preguntas frecuentes",
    "faq.welcome": "¡Bienvenido a Osekai FAQ!",
    "faq.welcome.intro": "Aquí puedes encontrar respuestas a preguntas comunes sobre Osekai. Selecciona una pregunta en la barra a tu izquierda para empezar.",
    "team.title": "El Equipo",
    "team.role.mulraf": "Líder de proyecto y desarrollo",
    "team.role.hubz": "Desarrollador y jefe de diseño",
    "team.role.electroyan": "Ingeniero de Datos del Ranking",
    "team.role.remyria": "Community Manager",
    "team.role.generic.snapshotsManager": "Gestor de Snapshots",
    "team.role.generic.snapshotsDeveloper": "Desarrollador de Snapshots",
    "harumachi.title": "Harumachi Cup Omega. La final.",
    "harumachi.text": "El mejor torneo osu! vuelve por última vez. ¡Échale un vistazo!"
}