{
    "searchbar.placeholder": "busca una medalla",
    "searchbar.filters.tooltip": "Filtros de búsqueda",
    "searchbar.filters.title": "Opciones de filtro",
    "searchbar.filters.unobtainedMedals": "Medallas no obtenidas",
    "solution.title": "Solución",
    "beatmaps.title": "Beatmaps <p id=\"beatmap_count\" class=\"medals__bm-count\">0</p>",
    "beatmaps.note.add": "agregar una nota",
    "beatmaps.note.view": "ver la nota",
    "beatmaps.note.title": "Nota",
    "beatmap.by": "por",
    "beatmap.mappedBy": "mapeado por",
    "beatmap.viewOnOsu": "Ver el paquete de beatmaps en <strong>osu.ppy.sh</strong>",
    "beatmap.downloadWithDirect": "descarga con<strong> osu!direct</strong>",
    "beatmap.report": "reportar este mapa",
    "beatmap.delete": "borrar este mapa",
    "video.title": "Video",
    "beatmaps.add": "Añadir Beatmap",
    "beatmaps.add.title": "Añadir un mapa",
    "beatmaps.add.body": "Añadir un mapa a la medalla $1",
    "beatmaps.add.p1": "Ten en cuenta que este mapa debe resultar en la solución de la medalla. Si no lo hace, será eliminado de la lista.",
    "beatmaps.add.url.placeholder": "Link del Beatmap",
    "beatmaps.add.note.placeholder": "Nota"
}