{
    "profile.viewOnOsekaiProfiles": "<light>ver perfil en</light> osekai profiles",
    "profile.viewOnOsu": "<light>ver perfil en</light> osu!",
    "profile.logOut": "cerrar sesión",
    "profile.experimentalMode": "Estás actualmente en Modo Experimental. Algunas cosas quizá se rompan.",
    "profile.logIn": "iniciar sesión <light>con</light> osu!",
    "search.placeholder": "busca por algo. Cualquier cosa.",
    "search.noResults": "No se encontraron resultados",
    "settings.title": "opciones de <strong>osekai</strong>",
    "settings.subtitle": "haz osekai tuyo",
    "settings.global.title": "global",
    "settings.global.theme": "tema",
    "settings.global.theme.light": "tema claro",
    "settings.global.theme.dark": "tema oscuro",
    "settings.global.theme.ultraDark": "tema ultra oscuro",
    "settings.global.theme.coldDark": "tema oscuro helado",
    "settings.global.theme.system": "tema del sistema",
    "settings.global.language": "idioma",
    "settings.profiles.title": "perfiles",
    "settings.profiles.showMedalsFromAllModes": "mostrar las medallas para todos los modos",
    "notifications.title": "<strong>notificaciones</strong>",
    "apps.support": "apoya a osekai!",
    "apps.twitter": "¡echa un vistazo a osekai en Twitter!",
    "apps.discord": "¡entra a Discord de osu! Medal Hunters!",
    "apps.contact": "contáctanos",
    "apps.privacy": "política de privacidad",
    "apps.developmentDiscord": "entra a nuestro Discord de desarrollo",
    "tooltip.notifications": "Notificaciones",
    "tooltip.settings": "Configuraciones",
    "tooltip.search": "Búsqueda"
}