{
    "home.panel.body": "una mirada más detallada a tu perfíl de osu!",
    "home.yourProfile.title": "revisa",
    "home.yourProfile.subtitle": "tu <strong>perfil</strong>",
    "home.recentlyViewed.title": "Vistos recientemente",
    "home.mostViewed.title": "Más vistos",
    "home.globalRankings.title": "Clasificación Global",
    "profile.bar.user": "Perfil",
    "profile.bar.user.new": "Perfil de <strong>$1$</strong>",
    "profile.bar.user.new-s": "Perfil de <strong>$1</strong>",
    "profile.info.joined": "<span class=\"light\">ingresó</span>$1",
    "profile.info.playsWith": "<span class=\"light\">juega con</span>$1",
    "profile.timeline.title": "Linea de tiempo",
    "profile.timeline.addEntry": "Agregar entrada",
    "profile.timeline.addEntry.placeholder": "algo interesante pasó...",
    "profile.goals.title": "Metas",
    "profile.goals.welcome.title": "Bienvenido a <strong>Goals</strong>",
    "profile.goals.welcome.body": "Goals es una forma de mantener un orden en tus metas de osu!, ¡desde medallas, pp, o inclusive badges y ranking! Puedes añadir una meta aquí abajo, en tu ezquina izquierda tienes el tipo de meta, ¡para añadir la meta debes pulsar el botón \"+\" a tu derecha!",
    "profile.goals.welcome.close": "Este panel se cerrará automáticamente cuando<br>hayas añadido tu primer objetivo.",
    "profile.goals.input.placeholder": "Cantidad",
    "profile.goals.pp": "pp",
    "profile.goals.rank": "rank",
    "profile.goals.medals": "medallas",
    "profile.goals.ssCount": "Cantidad de SS",
    "profile.goals.badges": "badges",
    "profile.goals.level": "nivel",
    "profile.goals.goal.title": "Alacanzar <strong>$1</strong> en <strong>$2</strong>",
    "profile.goals.goal.subtitle": "$1 ($2%)",
    "profile.goals.goal.started": "iniciado <strong>$1</strong>",
    "profile.goals.goalType": "Tipo de meta",
    "profile.stats.title": "Estadísticas",
    "profile.stats.globalRank": "rank global",
    "profile.stats.countryRank": "rank nacional",
    "profile.stats.accuracy": "precisión",
    "profile.stats.pp": "pp",
    "profile.stats.playtime": "tiempo jugado",
    "profile.stats.plays": "veces jugadas",
    "profile.medals.title": "Medallas",
    "profile.medals.medals": "medallas",
    "profile.medals.rank": "ranking de medallas",
    "profile.medals.completion": "medallas completadas",
    "profile.medals.togo": "$1 medallas para",
    "profile.medals.until": "hasta",
    "profile.medals.rarest": "medalla <strong>más rara</strong>",
    "profile.medals.onlyPercent": "¡solo $1 tienen esta medalla!",
    "profile.medals.percentOfPlayers": "$1% de los jugadores",
    "profile.medals.history.new": "$1<br>nuevas<br>medallas",
    "profile.snapshots.title": "Versiones cargadas <light>a Osekai Snapshots</light>",
    "profile.snapshots.uploadDate": "Subido a Snapshots <strong>$1</strong>",
    "profile.snapshots.uploadDateUnknown": "Fecha de subida desconocida",
    "loading": "Cargando perfil"
}