{
    "home.addUser.title": "¡Agregar un usuario!",
    "home.addUser.loggedIn": "Debido a que has iniciado sesión, ¡ya has sido añadido! Serás procesado en el siguiente bucle.",
    "home.addUser.loggedOut": "Para añadirte a los Ranking de Osekai, simplemente inicia sesión con tu cuenta de osu!. Haz clic en el botón en la esquina superior derecha para hacerlo.",
    "home.addUser.addAnotherUser.title": "Añadir otro usuario",
    "home.addUser.addAnotherUser.loggedOut": "Por favor iniciar sesión para añadir otro usuario.",
    "home.addUser.addAnotherUser.placeholder": "ID de Usuario",
    "home.addUser.addAnotherUser.button": "Añadir",
    "general.medals.title": "Medallas",
    "general.allmode.title": "Todos los Modos",
    "general.mappers.title": "Mappers",
    "general.badges.title": "Badges",
    "general.medals.users": "Usuarios",
    "general.medals.rarity": "Rareza",
    "general.allmode.replays": "Repeticiones",
    "general.allmode.standardDeviation": "Desviación estándar",
    "general.allmode.total": "pp Total",
    "general.mappers.ranked": "Mapas clasificados",
    "general.mappers.loved": "Mapas Amados",
    "general.mappers.subscribers": "Suscriptores",
    "general.badges.badges": "Badges",
    "general.medals.users.subheader": "una tabla de clasificación de usuarios, ordenada por su cantidad de medallas!",
    "general.medals.rarity.subheader": "¿alguna vez te has preguntado lo raro que es cada medalla? ¡Descubrelo aquí!",
    "general.allmode.replays.subheader": "¡jugadores ordenados por la cantidad de repeticiones de sus visitas!",
    "general.allmode.standardDeviation.subheader": "¡jugadores ordenados por la desviación estandar de pp!",
    "general.allmode.total.subheader": "¡jugadores ordenados por su pp combinado en todos los modos!",
    "general.mappers.ranked.subheader": "¡Descubre quién es el mapper más rankeado!",
    "general.mappers.loved.subheader": "¡Descubre quién es el mapper más rankeado (amados)!",
    "general.mappers.subscribers.subheader": "¡Descubre quién es el jugador con más suscriptores!",
    "general.badges.badges.subheader": "badges",
    "bar.general.with": "con",
    "bar.medals.users.rarestMedal": "medalla más rara",
    "bar.medals.users.medalCompletion": "<span class='light'>medalla</span> completada",
    "bar.medals.rarity.heldBy": "en posesión de",
    "bar.medals.rarity.only": "solo",
    "bar.allmode.standardDeviation.standardDeviationPP": "desviación estándar de pp",
    "bar.allmode.standardDeviation.totalPP": "pp Total",
    "bar.allmode.standardDeviation.replaysWatched": "repeticiones vistas",
    "bar.mappers.ranked.rankedMaps": "mapas clasificados",
    "bar.mappers.loved.lovedMaps": "mapas amados",
    "bar.mappers.subscribers.subscribers": "suscriptores",
    "bar.badges.badges.badges": "badges",
    "pagination.previous": "anterior",
    "pagination.next": "siguiente",
    "search.username": "Nombre de usuario",
    "search.userID": "ID de Usuario",
    "search.country": "País",
    "search.rarestMedal": "Medalla más Rara",
    "search.mode": "Modo",
    "search.group": "Grupo",
    "search.placeholder": "¡busca aquí!"
}