{
    "new.finished.title": "¡Reportado!",
    "new.finished.button": "¡Okay!",
    "new.comment.title": "Reportar este comentario",
    "new.beatmap.title": "Reportar este mapa",
    "new.bug.title": "Reportar un error",
    "new.comment.body": "Actualmente estás reportando este comentario. Por favor, danos detalles detallados sobre por qué este comentario debe ser revisado o eliminado. No hagas de reportar por broma.",
    "new.beatmap.body": "Actualmente estás reportando esta sugerencia de mapa. Por favor, háganos saber por qué cree que este mapa no es adecuado para esta medalla, y por qué debe ser eliminado.",
    "new.bug.body": "Si estás experimentando un error en Osekai, ¡puedes reportarlo aquí! Por favor, danos detalles sobre qué error está ocurriendo y qué has hecho para solucionarlo.<br>Si aún no lo has hecho, prueba CTRL+F5. Los navegadores suelen cache/retener archivos del servidor localmente durante unos días, y a veces estos pueden quedar desactualizados y causar errores. CTRL+F5 restablece esta caché, y una gran parte del tiempo corrige cualquier error que pueda tener.",
    "new.comment.finished": "¡Gracias por reportar! Los administradores lo revisarán tan pronto sea posible.",
    "new.beatmap.finished": "¡Gracias por reportar este mapa! Los administradores lo revisarán tan pronto sea posible.",
    "new.bug.finished": "Thanks for reporting this bug. Our development team will loo k into it as soon as possible! If you have more questions or issues, feel free to contact us through the osu! Medal Hunters Discord server, found in the Apps dropdown in the top left.",
    "new.bug.finished.button": "¡Genial!",
    "logged-out": "Please log in to submit a report."
}