{
    "sidebar.search.placeholder": "buscar una versipon",
    "sidebar.submission": "¿Tienes una versión genial? ¡Súbela a Osekai Snapshots!",
    "submit.title": "¡Enviar una versión!",
    "submit.versionName.title": "Nombre de la versión",
    "submit.versionName.description": "Puedes encontrar esto al final del menú de opciones en la mayoría de versiones.",
    "submit.versionName.placeholder": "e.g. b20200905.1",
    "submit.versionFile.title": "Archivo de la versión",
    "submit.versionFile.description": "Necesitamos un archivo ZIP de la versión. Puedes subirlo usando un sistema de nube cómo Google Drive. ¡Recuerda borrar tus configuraciones!",
    "submit.versionInfo.title": "Información de la Versión",
    "submit.versionInfo.description": "¡Cuéntanos acerca de tu versión!, ¡Esto puede ser corto o largo, tú decides!",
    "submit.versionInfo.placeholder": "ej. ¡Esta versión es asombrosa y viene con un montón de nuevas características!",
    "submit.submit": "Enviar versión",
    "submit.warning.header": "Antes de enviar la versión, asegúrate de haber borrado todos tus archivos de configuración.",
    "submit.warning.body": "Estos archivos contienen los detalles de tu sesión de osu!, tu usuario y contraseña. Por favor, asegúrate de haberlos borrado.",
    "submit.warning.confirm": "He eliminado esos archivos.",
    "submit.warning.cancel": "¡Me olvidé! Vuélve.",
    "submit.warning.footer": "Si accidentalmente envías una versión con tu archivo de configuración, contacta a un administrador para que sea borrado de forma inmediata.",
    "submit.success.header": "¡Gracias!, ¡lo chequearemos lo más pronto posible!",
    "version.released": "realesed $1",
    "version.archivedBy": "archivado por $1",
    "version.description.title": "Descripción",
    "version.downloads.title": "Descargas",
    "version.download.title": "descargar",
    "version.download.recommended": "recomendado",
    "version.download.from": "desde $1",
    "version.extraInfo.title": "Información extra",
    "version.warnings.title": "Advertencias",
    "version.warnings.automaticallyUpdated.title": "Actualizado Automáticamente",
    "version.warnings.automaticallyUpdated.description": "Este originalmente se actualizó de forma automática. Hemos aplicado un archivo _staging para evitar esto.",
    "version.warnings.requiresServer.title": "Requiere servidor",
    "version.warnings.requiresServer.description": "Este cliente no se puede abrir sin conectarse a un servidor privado.",
    "version.screenshots": "Capturas de pantalla",
    "home.welcome": "Bienvenido a la nueva casa de osu!archive!",
    "home.welcome.description": "hemos estado trabajando duro en nuestro nuevo sitio, ¡no podemos esperar a escuchar lo que piensas!",
    "home.welcome.title": "Página de inicio",
    "home.slogan": "¡archivando $1 versiones de osu! desde 2007!",
    "home.slogan.unloaded": "¡archivando versiones de osu! desde 2007!"
}