{
    "badges.title": "Badges ($1)",
    "sort.awardedAt.asc": "Toegekend op (oplopend)",
    "sort.awardedAt.desc": "Toegekend op (aflopend)",
    "sort.name.asc": "Naam (a-z)",
    "sort.name.desc": "Naam (z-a)",
    "sort.playerCount.asc": "Speler telling (oplopend)",
    "sort.playerCount.desc": "Speler telling (aflopend)",
    "search.placeholder": "zoek voor een medaille!",
    "badge.firstAchieved": "eerst behaald <strong>$1</strong>",
    "badge.ownedBy": "ontvangen door <strong>$1</strong> spelers",
    "badge.ownedBySingular": "ontvangen door <strong>$1</strong> speler",
    "badge.popup.playersWhoHave": "<strong>spelers</strong> die deze badge hebben",
    "badge.popup.1xVariant": "<strong>@1x</strong><br>variant",
    "paused": "Het verwerking van Osekai badges is momenteel gepauzeerd. Alleen badges vóór $1 worden weergegeven.",
    "viewtype.grid": "Raster",
    "viewtype.compactList": "Compacte Lijst",
    "viewtype.list": "Lijst",
    "viewtype.ultraCompact": "Ultra Compact"
}