{
    "title": "Hulp nodig of heb je enige ideeën? Neem contact met ons op!",
    "header": "We zijn een klein team, als u nog iets heeft om met ons te bespreken of iets wat u nodig heeft in osekai, willen wij u graag helpen!",
    "body.p1": "De beste manier voor u om contact met ons te nemen is door aan de osu! Medal Hunters Discord aan te sluiten.",
    "body.p2": "Een link naar de server is op de homepagina & in de apps dropdown links boven op de pagina.",
    "siteOwner": "Website eigenaar: $1",
    "snapshots": "For eventuele problemen of verzoeken met betrekking tot Osekai Snapshots, neem alstublieft contact op met Hubz, hubz@hubza.co.uk"
}