{
    "title": "Donaties zijn nooit nodig, maar altijd gewaardeerd :)",
    "body.p1": "We gebruiken ze om de kosten van het hosten van de website te dekken. Voor transparantie kunt u alle kosten zien die de osekai website zelf hieronder heeft gemaakt.",
    "body.p2": "We willen al onze diensten gratis aanbieden. Het enigste 'voordeel' dat u krijgt van doneren, is een kleine ❤ op uw naam wanneer u reageert en toegang tot het osekai-ontwikkelingsdiscord kanaal, maar in de toekomst worden er misschien gelijkbare dingen toegevoegd.",
    "body.p3": "De top donator lijst hieronder zal niet onmiddelijk worden bijgewerkt. Maar maak je geen zorgen, we zullen deze bijwerken zodra we het gezien hebben!",
    "donate.title": "Doneer!",
    "donate.header": "Wilt u ons steunen? Stuur ons alstublieft een donatie!",
    "donate.body": "Houd in gedachten om uw gebruiksnaam te laten zijn, moet u inloggen!",
    "donate.paypal": "Doneer via PayPal",
    "donate.paysafecard": "Doneer met Paysafecard",
    "costs.title": "Kosten",
    "costs.covered": "gedekte kosten: $1 / $2",
    "top.title": "Top Donateurs",
    "recent.title": "Meest Recente Donaties",
    "recent.message": "Donatie Bericht"
}