{
    "medal": "medaille",
    "medals": "medailles",
    "club": "club",
    "date_released": "uitgebracht op $1",
    "date_added": "toegevoegd op $1",
    "date_updated": "laatst bijgewerkt op $1",
    "date_posted": "geplaatst op $1",
    "date_submitted": "ingediend",
    "date_last_played": "laatst gespeeld op $1",
    "submit": "Indienen",
    "add": "Toevoegen",
    "update": "Bijwerken",
    "delete": "Verwijderen",
    "cancel": "Annuleren",
    "global": "Globaal",
    "saveChanges": "Wijzigingen Opslaan",
    "remove": "Wissen",
    "close": "Sluiten",
    "language.switch": "Talen wisselen!",
    "locked.login": "U moet aanmelden om deze functie te gebruiken!",
    "page.generatedIn": "Pagina geladen in $1 seconden.",
    "ok": "Okay"
}