{
    "cover.subtitle": "de plek van <strong>alternatieve ranglijsten</strong>, <strong>gedetailleerde profiel information</strong>, <strong>medaille oplossingen</strong>, <strong>honderden veries</strong>, en meer",
    "cover.madeFor": "gemaakt voor de osu! community door <span>het <strong>osekai</strong> team</span>",
    "new": "nieuw!",
    "new.text": "in <strong>osekai</strong>...",
    "new.introducing": "Ontdek onze nieuwe app:",
    "profiles.main": "We hebben gewerkt aan een nieuwe manier voor u om uw osu! profiel te bekijken en te beheren. We hebben geweldige nieuwe functies bedacht, zoals Goals, Timeline, en nog veel meer. En het is eindelijk klaar, na meer als een jaar aan ontwikkeling. Bekijk het eens!",
    "medals.main": "De beste plek om oplossing te vinden voor alle osu! medailles, de beste beatmaps om te gebruiken, en zelfs in de reacties praten!",
    "snapshots.main": "Ervaar de nostalgische gevoelens van oude osu! versies, of bekijk enkele van de meer speciale versies in het nieuwe osu!archive!",
    "rankings.main": "De enige plek om alternatieve osu! ranglijsten voor medailles, gerangschikte maps, en meer te vinden.",
    "badges.main": "De beste plek om bjina elke osu! badge te vinden, met de eigenaars erbij.",
    "discord.title": "Word lid van de <strong>osu! medal hunters</strong> Discord server!",
    "discord.text": "Bekijk de grootste osu! medaille jacht gemeenschapheid op de Discord, waar Osekai ook zit!",
    "support.title": "Steun ons!",
    "support.text": "We zjin maar een klein team, en door te doneren, helpt u ervoor dat we te servers kunnen laten draaien en de ontwikkeling door te kunnen laten gaan!",
    "faq": "FAQ",
    "faq.title": "Veelgestelde vragen (FAQ)",
    "faq.welcome": "Welkom bij de Osekai FAQ!",
    "faq.welcome.intro": "Hier kun je antwoorden op veelgestelde vragen over Osekai vinden. Selecteer een vraag op de sidebar links om te beginnen.",
    "team.title": "Het Team",
    "team.role.mulraf": "Projectleider & Hoofdontwikkelaar",
    "team.role.hubz": "Ontwikkelaar & Hoofdontwerper",
    "team.role.electroyan": "Rangschikking Gegevens Engineer",
    "team.role.remyria": "Community Manager",
    "team.role.generic.snapshotsManager": "Snapshots Beheerder",
    "team.role.generic.snapshotsDeveloper": "Snapshots Ontwikkelaar",
    "harumachi.title": "Harumachi Cup Omega. De allerlaatste.",
    "harumachi.text": "Het beste slechtste osu! tournament komt terug voor een laatste keer. Komt dat zien!"
}