{
    "searchbar.placeholder": "zoek voor een medaille",
    "searchbar.filters.tooltip": "Zoekfilters",
    "searchbar.filters.title": "Filteringsopties",
    "searchbar.filters.unobtainedMedals": "Niet verkregen Medailles",
    "solution.title": "Oplossing",
    "beatmaps.title": "Beatmaps <p id=\"beatmap_count\" class=\"medals__bm-count\">0</p>",
    "beatmaps.note.add": "voeg een notitie toe",
    "beatmaps.note.view": "bekijk de notitie",
    "beatmaps.note.title": "Notitie",
    "beatmap.by": "door",
    "beatmap.mappedBy": "gemapt door",
    "beatmap.viewOnOsu": "Bekijk beatmap pack op <strong>osu.ppy.sh</strong>",
    "beatmap.downloadWithDirect": "download met<strong> osu!direct</strong>",
    "beatmap.report": "rapporteer deze beatmap",
    "beatmap.delete": "verwijder deze beatmap",
    "video.title": "Video",
    "beatmaps.add": "Beatmap Toevoegen",
    "beatmaps.add.title": "Voeg een beatmap toe",
    "beatmaps.add.body": "Voeg een beatmap toe aan de medaille $1",
    "beatmaps.add.p1": "Houd er rekening mee dat deze beatmap moet resulteren in het ontvangen van de medaille. Als dit niet het geval is, wordt het uit de lijst verwijderd.",
    "beatmaps.add.url.placeholder": "Beatmap URL",
    "beatmaps.add.note.placeholder": "Notitie"
}