{
    "profile.viewOnOsekaiProfiles": "<light>bekijk profiel op</light> osekai profiles",
    "profile.viewOnOsu": "<light>bekijk profiel op</light> osu!",
    "profile.logOut": "afmelden",
    "profile.experimentalMode": "Je bent momenteel in Experimentele Modus. Dingen zouden misschien niet werken zoals ze moeten.",
    "profile.logIn": "login <light>met</light> osu!",
    "search.placeholder": "zoek voor iets. wat dan ook.",
    "search.noResults": "Geen resultaten gevonden",
    "settings.title": "<strong>osekai</strong> instellingen",
    "settings.subtitle": "maak osekai zoals u het wilt",
    "settings.global.title": "globaal",
    "settings.global.theme": "thema",
    "settings.global.theme.light": "licht thema",
    "settings.global.theme.dark": "donker thema",
    "settings.global.theme.ultraDark": "extra donker thema",
    "settings.global.theme.coldDark": "koud donker thema",
    "settings.global.theme.system": "systeem thema",
    "settings.global.language": "taal",
    "settings.profiles.title": "profiles",
    "settings.profiles.showMedalsFromAllModes": "geef medailles van alle modi weer",
    "notifications.title": "<strong>meldingen</strong>",
    "apps.support": "steun osekai!",
    "apps.twitter": "check osekai op twitter!",
    "apps.discord": "word lid van de osu! Medal Hunters Discord server!",
    "apps.contact": "contact",
    "apps.privacy": "privacy beleid",
    "apps.developmentDiscord": "sluit je aan bij onze development server",
    "tooltip.notifications": "Notificaties",
    "tooltip.settings": "Instellingen",
    "tooltip.search": "Zoek"
}