{
    "home.panel.body": "een gedetaileerde blik op je osu! profiel",
    "home.yourProfile.title": "bekijk",
    "home.yourProfile.subtitle": "jouw <strong>profiel</strong>",
    "home.recentlyViewed.title": "Recent Bekeken",
    "home.mostViewed.title": "Meest Bekeken",
    "home.globalRankings.title": "Wereldwijde ranglijst",
    "profile.bar.user": "Profiel",
    "profile.bar.user.new": "<strong>$1</strong>'s Profiel",
    "profile.bar.user.new-s": "<strong>$1</strong>' Profiel",
    "profile.info.joined": "<span class=\"light\">aangemeld op</span> $1",
    "profile.info.playsWith": "<span class=\"light\">speelt met</span> $1",
    "profile.timeline.title": "Uw Tijdlijn",
    "profile.timeline.addEntry": "Invoer Toevoegen",
    "profile.timeline.addEntry.placeholder": "er is iets interessants gebeurd...",
    "profile.goals.title": "Doelen",
    "profile.goals.welcome.title": "Welkom bij <strong>Goals</strong>",
    "profile.goals.welcome.body": "Goals is een manier om uw osu! goals bij te houden, van aantal medailles, tot pp doelen, tot zelfs insignes en rang! U kunt hieronder een goal toevoegen. Aan de linkerkant is het goal type, en dan kunt u de goal toevoegen met de plusknop aan de rechterkant!",
    "profile.goals.welcome.close": "Dit paneel wordt automatisch gesloten wanneer<br>u uw eerste doel hebt toegevoegd.",
    "profile.goals.input.placeholder": "Aantal",
    "profile.goals.pp": "pp",
    "profile.goals.rank": "rang",
    "profile.goals.medals": "medailles",
    "profile.goals.ssCount": "SS Telling",
    "profile.goals.badges": "insignes",
    "profile.goals.level": "level",
    "profile.goals.goal.title": "Bereik <strong>$1</strong> in <strong>$2</strong>",
    "profile.goals.goal.subtitle": "$1 ($2%)",
    "profile.goals.goal.started": "begonnen op <strong>$1</strong>",
    "profile.goals.goalType": "Type Doel",
    "profile.stats.title": "Statistieken",
    "profile.stats.globalRank": "globale rang",
    "profile.stats.countryRank": "landelijk rang",
    "profile.stats.accuracy": "nauwkeurigheid",
    "profile.stats.pp": "pp",
    "profile.stats.playtime": "speeltijd",
    "profile.stats.plays": "aantal spelen",
    "profile.medals.title": "Medailles",
    "profile.medals.medals": "medailles",
    "profile.medals.rank": "medaille rang",
    "profile.medals.completion": "medaille voltooing",
    "profile.medals.togo": "$1 medailles te gaan",
    "profile.medals.until": "totdat",
    "profile.medals.rarest": "<strong>zeldzaamste</strong> medaille",
    "profile.medals.onlyPercent": "slechts $1 hebben deze medaille!",
    "profile.medals.percentOfPlayers": "$1% van de spelers",
    "profile.medals.history.new": "$1<br>nieuwe<br>medailles",
    "profile.snapshots.title": "Versies geüpload <light>naar Osekai Snapshots</light>",
    "profile.snapshots.uploadDate": "Geüpload naar Snapshots <strong>$1</strong>",
    "profile.snapshots.uploadDateUnknown": "Uploaddatum onbekend",
    "loading": "Profiel laden"
}