{
    "home.addUser.title": "Voeg een gebruiker toe!",
    "home.addUser.loggedIn": "Omdat u ingelogd bent, bent u al toegevoegd! U zal bij de volgende loop verwerkt worden.",
    "home.addUser.loggedOut": "Om uzelf toe te voegen aan Osekai Rankings, logt u in met uw osu! account. Klik op de knop rechts-bovenin om dat te doen.",
    "home.addUser.addAnotherUser.title": "Voeg nog een gebruiker toe",
    "home.addUser.addAnotherUser.loggedOut": "Log in om gebruikers toe te kunnen voegen.",
    "home.addUser.addAnotherUser.placeholder": "Gebruiker ID",
    "home.addUser.addAnotherUser.button": "Voeg toe",
    "general.medals.title": "Medailles",
    "general.allmode.title": "Alle modi",
    "general.mappers.title": "Mappers",
    "general.badges.title": "Insignes",
    "general.medals.users": "Gebruikers",
    "general.medals.rarity": "Zeldzaamheid",
    "general.allmode.replays": "Replays",
    "general.allmode.standardDeviation": "Standaard afwijking",
    "general.allmode.total": "Totale pp",
    "general.mappers.ranked": "Gerangschikte Mapsets",
    "general.mappers.loved": "Uitgelichte Mapsets",
    "general.mappers.subscribers": "Abonnees",
    "general.badges.badges": "Insignes",
    "general.medals.users.subheader": "een scorebord van gebruikers, gesorteerd op hun hoeveelheid medailles!",
    "general.medals.rarity.subheader": "ooit afgevraagd hoe zeldzaam elke medaille is? kom er hier achter!",
    "general.allmode.replays.subheader": "gebruikers gesorteerd op het aantal van hun bekeken replays!",
    "general.allmode.standardDeviation.subheader": "gebruikers gesorteerd op standaard afwijkende pp!",
    "general.allmode.total.subheader": "gebruikers gesorteerd op hun pp gecombineerd over alle modi!",
    "general.mappers.ranked.subheader": "ontdek wie het hoogst gerangde mapper is!",
    "general.mappers.loved.subheader": "ontdek wie de hoogst geliefde mapper is!",
    "general.mappers.subscribers.subheader": "ontdek wie de hoogste geaboneerde gebruiker is!",
    "general.badges.badges.subheader": "insignes",
    "bar.general.with": "met",
    "bar.medals.users.rarestMedal": "zeldzaamste medaille",
    "bar.medals.users.medalCompletion": "<span class='light'>medailles</span> compleet",
    "bar.medals.rarity.heldBy": "in bezit van",
    "bar.medals.rarity.only": "enkel",
    "bar.allmode.standardDeviation.standardDeviationPP": "standaard afwijkende pp",
    "bar.allmode.standardDeviation.totalPP": "totale pp",
    "bar.allmode.standardDeviation.replaysWatched": "replays bekeken",
    "bar.mappers.ranked.rankedMaps": "gerangschikte maps",
    "bar.mappers.loved.lovedMaps": "loved maps",
    "bar.mappers.subscribers.subscribers": "abonnees",
    "bar.badges.badges.badges": "insignes",
    "pagination.previous": "vorige",
    "pagination.next": "volgende",
    "search.username": "Gebruikersnaam",
    "search.userID": "Gebruiker ID",
    "search.country": "Land",
    "search.rarestMedal": "Zeldzaamste Medaille",
    "search.mode": "Modus",
    "search.group": "Groep",
    "search.placeholder": "zoek hier!"
}