{
    "new.finished.title": "Gerapporteerd!",
    "new.finished.button": "Klaar!",
    "new.comment.title": "Rapporteer reactie",
    "new.beatmap.title": "Rapporteer beatmap",
    "new.bug.title": "Meld een bug",
    "new.comment.body": "Je rapporteert momenteel deze reactie. Geef ons alstublieft gedetailleerde informatie waarom deze reactie moet worden bekeken of verwijderd. Graag geen misbruik maken, en reacties als grap rapporteren.",
    "new.beatmap.body": "Je rapporteert momenteel deze beatmap suggestie. Laat ons weten waarom je denkt dat deze beatmap niet geschikt is voor deze medal en waarom deze moet worden verwijderd.",
    "new.bug.body": "Als je een bug ondervindt op Osekai, kun je dat hier melden! Geef ons details over wat de bug is en welke stappen je hebt geprobeerd om het te verhelpen.<br>Als je het nog niet hebt gedaan, probeer dan CTRL+F5. Browsers cachen/bewaren meestal lokaal bestanden van de server voor een paar dagen, en soms kunnen deze verouderd zijn en bugs veroorzaken. CTRL+F5 herstelt deze cache en lost alle problemen op die je hebt.",
    "new.comment.finished": "Bedankt voor het melden van deze reactie! We zullen het zo snel mogelijk beoordelen.",
    "new.beatmap.finished": "Bedankt voor het melden van deze beatmap! We zullen het zo snel mogelijk beoordelen!",
    "new.bug.finished": "Thanks for reporting this bug. Our development team will loo k into it as soon as possible! If you have more questions or issues, feel free to contact us through the osu! Medal Hunters Discord server, found in the Apps dropdown in the top left.",
    "new.bug.finished.button": "Oké!",
    "logged-out": "Please log in to submit a report."
}