{
    "sidebar.search.placeholder": "zoek naar een versie",
    "sidebar.submission": "Heeft u een coole versie? Stuur hem op naar Osekai Snapshots!",
    "submit.title": "Dien een versie in!",
    "submit.versionName.title": "Versie naam",
    "submit.versionName.description": "U vind dit onderaan het optiesmenu voor de meeste versies.",
    "submit.versionName.placeholder": "b.v. b20200905.1",
    "submit.versionFile.title": "Versie bestand",
    "submit.versionFile.description": "We hebben een ZIP van de versie nodig. U kunt er een uploaden met behulp van een upload service zoals Google Drive. Vergeet niet om uw configuraties te verwijderen!",
    "submit.versionInfo.title": "Versie info",
    "submit.versionInfo.description": "Vertel ons een beetje over uw versie! Dit kan eerder kort of lang zijn, uw keuze!",
    "submit.versionInfo.placeholder": "b.v. Deze versie is super geweldig en komt met een hele boel nieuwe functies!",
    "submit.submit": "Versie Indienen",
    "submit.warning.header": "Voordat u deze versie indient, controller of u alle config bestanden hebt verwijderd.",
    "submit.warning.body": "Deze config bestanden zouden uw osu! inloggegevens kunnen bevatten, zoals uw gebruikersnaam en wachtwoord. Zorg er alstublieft voor dat u deze heeft verwijderd.",
    "submit.warning.confirm": "Ik heb deze bestanden verwijderd van deze versie.",
    "submit.warning.cancel": "Ik ben ze vergeten te verwijderen! Laat me terug keren.",
    "submit.warning.footer": "Als u per ongeluk een versie met een config bestand heeft verstuurd, neem dan contact op met een admin om het direct te laten verwijderen.",
    "submit.success.header": "Bedankt voor uw inzending! We zullen het zo snel mogelijk bekijken!",
    "version.released": "uitgebracht op $1",
    "version.archivedBy": "gearchiveerd door $1",
    "version.description.title": "Beschrijving",
    "version.downloads.title": "Downloads",
    "version.download.title": "download deze versie",
    "version.download.recommended": "aanbevolen",
    "version.download.from": "via $1",
    "version.extraInfo.title": "Extra informatie",
    "version.warnings.title": "Waarschuwingen",
    "version.warnings.automaticallyUpdated.title": "Automatisch Bijgewerkt",
    "version.warnings.automaticallyUpdated.description": "Deze client deed oorspronkelijk automatisch bijwerken. Wij hebben een _staging bestand toegepast om dit te voorkomen.",
    "version.warnings.requiresServer.title": "Vereist een Server",
    "version.warnings.requiresServer.description": "Deze client kan niet worden geopend zonder verbinding te maken met een privéserver.",
    "version.screenshots": "Screenshots",
    "home.welcome": "Welkom bij het nieuwe huis van osu!archive!",
    "home.welcome.description": "we hebben hard gewerkt aan onze nieuwe site en kunnen niet wachten om te horen wat je ervan vindt!",
    "home.welcome.title": "Startpagina",
    "home.slogan": "in dienst voor $1 osu! versies sinds 2007!",
    "home.slogan.unloaded": "archiveren van osu! versies van 2007 tot nu!"
}