{
    "title": "Brauchst du Hilfe oder hast du Ideen? Kontaktiere uns!",
    "header": "Wir sind ein kleines Team und falls du etwas hast, das du mit uns Besprechen willst oder du Hilfe mit osekai brauchst, helfen wir gerne!",
    "body.p1": "Der beste Weg für dich, uns zu kontaktieren, ist ein Beitritt im osu! Medal Hunters Discord Server.",
    "body.p2": "Ein link zu diesem Server ist auf unserer homepage & in dem apps dropdown am oberen linken Rand der Seite.",
    "siteOwner": "Seiteninhaber $1",
    "snapshots": "Bei Problemen oder Anfragen bezüglich Osekai Snapshots kontaktiere bitte Hubz über hubz@hubza.co.uk"
}