{
    "medal": "Medaille",
    "medals": "Medaillen",
    "club": "Club",
    "date_released": "veröffentlicht am $1",
    "date_added": "hinzugefügt am $1",
    "date_updated": "aktualisiert am $1",
    "date_posted": "veröffentlicht am $1",
    "date_submitted": "eingereicht",
    "date_last_played": "zuletzt gespielt am $1",
    "submit": "Absenden",
    "add": "Hinzufügen",
    "update": "Aktualisieren",
    "delete": "Löschen",
    "cancel": "Abbrechen",
    "global": "Global",
    "saveChanges": "Änderungen speichern",
    "remove": "Entfernen",
    "close": "Schließen",
    "language.switch": "Sprache wird gewechselt!",
    "locked.login": "Melde dich an, um diese Funktion zu nutzen!",
    "page.generatedIn": "Seite in $1 Sekunden generiert.",
    "ok": "Okay"
}