{
    "cover.subtitle": "die Heimat <strong>Alternativer Rankings</strong>, <strong>detaillierte Profilinformationen</strong>, <strong>Lösungen für Medaillen</strong>, <strong>hunderte Versionen</strong> und Mehr",
    "cover.madeFor": "für die osu!-Gemeinschaft erstellt von <span>dem <strong>osekai</strong> Team</span>",
    "new": "neu!",
    "new.text": "in <strong>osekai</strong>...",
    "new.introducing": "Vorstellung unserer neuen App:",
    "profiles.main": "Wir haben an einer neuen Möglichkeit für dich gearbeitet, dein osu!-Profil anzusehen und zu verwalten. Wir haben tolle neue Features, wie Ziele, eine Zeitleiste und vieles mehr. Und nach mehr als einem Jahr der Entwicklung ist es endlich fertig!",
    "medals.main": "Der beste Ort, um Lösungen für alle osu! Medaillen zu finden, die besten Beatmaps zu finden, und sich sogar in Kommentaren auszutauschen!",
    "snapshots.main": "Erlebe das nostalgische Gefühl früherer osu!-Releases, oder schaue einige der spezielleren Versionen in der neuen Heimat der Website osu!archive an!",
    "rankings.main": "Der einzige Ort, um alternative osu!-Ranglisten für Medaillen, Ranglisten und vieles mehr zu finden.",
    "badges.main": "Der beste Ort, um fast jedes Abzeichen in osu!, zusammen mit ihren Besitzern zu finden.",
    "discord.title": "Trete dem <strong>osu! medal hunters</strong> Discord bei!",
    "discord.text": "Schau dir die größte osu!-Medaillenjäger Community auf Discord an, wo auch Osekai beheimatet ist!",
    "support.title": "Unterstütze uns!",
    "support.text": "Wir sind nur ein kleines Team, und durch die Spende hilfst du uns, die Server am Laufen zu halten!",
    "faq": "FAQ",
    "faq.title": "Häufig gestellte Fragen",
    "faq.welcome": "Willkommen im Osekai FAQ!",
    "faq.welcome.intro": "Hier findest du Antworten auf häufige Fragen zu Osekai. Wähle eine Frage in der Seitenleiste links aus, um loszulegen.",
    "team.title": "Das Team",
    "team.role.mulraf": "Projekt- & Entwicklungsleiter",
    "team.role.hubz": "Entwickler & Lead Designer",
    "team.role.electroyan": "Rankings Daten-Ingenieur",
    "team.role.remyria": "Community-Manager",
    "team.role.generic.snapshotsManager": "Snapshots-Manager",
    "team.role.generic.snapshotsDeveloper": "Snapshots-Entwickler",
    "harumachi.title": "Harumachi Cup Omega, das Finale.",
    "harumachi.text": "Das beste schlechteste osu! Turnier kehrt für ein letztes mal wieder. Regristriere dich jetzt."
}