{
    "searchbar.placeholder": "nach einer Medaille suchen",
    "searchbar.filters.tooltip": "Suchfilter",
    "searchbar.filters.title": "Filter-Optionen",
    "searchbar.filters.unobtainedMedals": "Noch nicht erhaltene Medaillen",
    "solution.title": "Lösung",
    "beatmaps.title": "Beatmaps <p id=\"beatmap_count\" class=\"medals__bm-count\">0</p>",
    "beatmaps.note.add": "Notiz hinzufügen",
    "beatmaps.note.view": "die Notiz anzeigen",
    "beatmaps.note.title": "Notiz",
    "beatmap.by": "von",
    "beatmap.mappedBy": "erstellt von",
    "beatmap.viewOnOsu": "Sieh dir die beatmap packs auf <strong>osu.ppy.sh</strong> an",
    "beatmap.downloadWithDirect": "lade mit<strong> osu!direct</strong> herunter",
    "beatmap.report": "melde diese beatmap",
    "beatmap.delete": "lösche diese beatmap",
    "video.title": "Video",
    "beatmaps.add": "Beatmap hinzufügen",
    "beatmaps.add.title": "Beatmap hinzufügen",
    "beatmaps.add.body": "Eine Beatmap zur Medaille $1 hinzufügen",
    "beatmaps.add.p1": "Bitte beachte, dass es möglich sein muss, mit dieser Beatmap die Medaille zu erhalten. Falls dem nicht so ist, wird sie von der Auflistung entfernt.",
    "beatmaps.add.url.placeholder": "Beatmap URL",
    "beatmaps.add.note.placeholder": "Notiz"
}