{
    "profile.viewOnOsekaiProfiles": "<light>Profil über</light> osekai profiles <light>ansehen</light>",
    "profile.viewOnOsu": "<light>Profil über</light> osu! <light>ansehen</light>",
    "profile.logOut": "abmelden",
    "profile.experimentalMode": "Du befindest dich im Experimentellen Modus. Einige Dinge könnten kaputt sein.",
    "profile.logIn": "melde dich <light>über</light> osu! an",
    "search.placeholder": "Suche nach etwas. Alles ist möglich.",
    "search.noResults": "Keine Ergebnisse gefunden",
    "settings.title": "<strong>osekai</strong> Einstellungen",
    "settings.subtitle": "mach dir deine o-welt, wie sie dir gefällt",
    "settings.global.title": "global",
    "settings.global.theme": "theme",
    "settings.global.theme.light": "helles Theme",
    "settings.global.theme.dark": "dunkles Theme",
    "settings.global.theme.ultraDark": "ultra dunkles Theme",
    "settings.global.theme.coldDark": "cold dark theme",
    "settings.global.theme.system": "System Theme",
    "settings.global.language": "Sprache",
    "settings.profiles.title": "profiles",
    "settings.profiles.showMedalsFromAllModes": "zeige Medaillen aller Modi",
    "notifications.title": "<strong>Benachrichtigungen</strong>",
    "apps.support": "unterstütze osekai!",
    "apps.twitter": "check osekai auf twitter aus!",
    "apps.discord": "trete dem osu! medal hunters Discord bei!",
    "apps.contact": "kontaktiere uns",
    "apps.privacy": "Datenschutzerklärung",
    "apps.developmentDiscord": "trete unserem Entwicklungsserver bei",
    "tooltip.notifications": "Benachrichtigungen",
    "tooltip.settings": "Einstellungen",
    "tooltip.search": "Suche"
}