{
    "home.panel.body": "ein detaillierter Blick auf dein osu!-Profil",
    "home.yourProfile.title": "check",
    "home.yourProfile.subtitle": "dein <strong>-Profil</strong>",
    "home.recentlyViewed.title": "Zuletzt angesehen",
    "home.mostViewed.title": "Meist gesehen",
    "home.globalRankings.title": "Globale Rangliste",
    "profile.bar.user": "Profil",
    "profile.bar.user.new": "<strong>$1</strong>s Profil",
    "profile.bar.user.new-s": "<strong>$1</strong>' Profil",
    "profile.info.joined": "<span class=\"light\">beigetreten</span> am $1",
    "profile.info.playsWith": "<span class=\"light\">spielt mit</span> $1",
    "profile.timeline.title": "Zeitleiste",
    "profile.timeline.addEntry": "Neuer Eintrag",
    "profile.timeline.addEntry.placeholder": "etwas Interessantes ist passiert...",
    "profile.goals.title": "Ziele",
    "profile.goals.welcome.title": "Willkommen bei <strong>Zielen</strong>",
    "profile.goals.welcome.body": "Ziele sind eine Möglichkeit, deine Ziele in osu! im Blick zu behalten! Von Zielen für Medaillen, über pp Ziele bis hin zu sogar Abzeichen und deinem Rang! Du kannst unten ein Ziel hinzufügen. Links ist der Ziel-Typ. Um dann das Ziel hinzufügen, kannst du den Plus-Button rechts drücken!",
    "profile.goals.welcome.close": "Dieses Fenster wird automatisch geschlossen, wenn<br>du dein erstes Ziel hinzugefügt hast.",
    "profile.goals.input.placeholder": "Wert",
    "profile.goals.pp": "pp",
    "profile.goals.rank": "Rang",
    "profile.goals.medals": "Medaillen",
    "profile.goals.ssCount": "SS Anzahl",
    "profile.goals.badges": "Abzeichen",
    "profile.goals.level": "Stufe",
    "profile.goals.goal.title": "Erreiche <strong>$1</strong> in <strong>$2</strong>",
    "profile.goals.goal.subtitle": "$1 ($2%)",
    "profile.goals.goal.started": "am <strong>$1</strong> gestartet",
    "profile.goals.goalType": "Ziel-Typ",
    "profile.stats.title": "Statistik",
    "profile.stats.globalRank": "globaler Rang",
    "profile.stats.countryRank": "Länder-Rang",
    "profile.stats.accuracy": "Genauigkeit",
    "profile.stats.pp": "pp",
    "profile.stats.playtime": "Spielzeit",
    "profile.stats.plays": "Anzahl Spiele",
    "profile.medals.title": "Medaillen",
    "profile.medals.medals": "Medaillen",
    "profile.medals.rank": "Medaillenrang",
    "profile.medals.completion": "abgeschlossene Medaillen",
    "profile.medals.togo": "$1 Medaillen übrig",
    "profile.medals.until": "bis zum",
    "profile.medals.rarest": "<strong>seltenste</strong> Medaille",
    "profile.medals.onlyPercent": "nur $1 haben diese Medaille!",
    "profile.medals.percentOfPlayers": "$1% der Spieler",
    "profile.medals.history.new": "$1<br>neue<br>Medaillen",
    "profile.snapshots.title": "<light>In Osekai Snapshots</light> hochgeladene Versionen",
    "profile.snapshots.uploadDate": "Auf Snapshots hochgeladen am <strong>$1</strong>",
    "profile.snapshots.uploadDateUnknown": "Upload-Datum unbekannt",
    "loading": "Lade Profil"
}