{
    "home.addUser.title": "Benutzer hinzufügen!",
    "home.addUser.loggedIn": "Weil du eingeloggt bist, wurdest du bereits hinzugefügt! Dein Profil wird beim nächsten Durchgang kalkuliert.",
    "home.addUser.loggedOut": "Um dich selbst zu Osekai Ranglisten hinzuzufügen, melde dich einfach mit deinem osu! Account an. Klicke dazu oben rechts auf den Button.",
    "home.addUser.addAnotherUser.title": "Weiteren Benutzer hinzufügen",
    "home.addUser.addAnotherUser.loggedOut": "Bitte melde dich an, um einen Benutzer hinzuzufügen.",
    "home.addUser.addAnotherUser.placeholder": "Nutzer-ID",
    "home.addUser.addAnotherUser.button": "Hinzufügen",
    "general.medals.title": "Medaillen",
    "general.allmode.title": "All-Modus",
    "general.mappers.title": "Mappers",
    "general.badges.title": "Abzeichen",
    "general.medals.users": "Nutzer",
    "general.medals.rarity": "Seltenheit",
    "general.allmode.replays": "Wiederholungen",
    "general.allmode.standardDeviation": "Standardabweichung",
    "general.allmode.total": "Summe pp",
    "general.mappers.ranked": "Ranked Mapsets",
    "general.mappers.loved": "Loved Mapsets",
    "general.mappers.subscribers": "Abonnenten",
    "general.badges.badges": "Abzeichen",
    "general.medals.users.subheader": "eine Rangliste von Benutzern, nach ihrer Anzahl an Medaillen sortiert!",
    "general.medals.rarity.subheader": "hast du dich jemals gefragt, wie selten eine bestimmte Medaille ist? Findes es heraus!",
    "general.allmode.replays.subheader": "Benutzer sortiert nach der Anzahl der angesehenen Wiederholungen!",
    "general.allmode.standardDeviation.subheader": "Benutzer sortiert nach Standard Abweichung der pp!",
    "general.allmode.total.subheader": "Benutzer sortiert nach ihren pp summiert über alle Modis!",
    "general.mappers.ranked.subheader": "finde heraus, wer der beste Mapper ist!",
    "general.mappers.loved.subheader": "finde heraus, wer der beste loved Mapper ist!",
    "general.mappers.subscribers.subheader": "finden Sie heraus, wer der am meisten abonnierte Benutzer ist!",
    "general.badges.badges.subheader": "Abzeichen",
    "bar.general.with": "mit",
    "bar.medals.users.rarestMedal": "seltenste Medaille",
    "bar.medals.users.medalCompletion": "<span class='light'>Medaillen</span> abgeschlossen",
    "bar.medals.rarity.heldBy": "erreicht von",
    "bar.medals.rarity.only": "exklusiv",
    "bar.allmode.standardDeviation.standardDeviationPP": "SPP",
    "bar.allmode.standardDeviation.totalPP": "Summe",
    "bar.allmode.standardDeviation.replaysWatched": "Wiederholungen angeschaut",
    "bar.mappers.ranked.rankedMaps": "ranked maps",
    "bar.mappers.loved.lovedMaps": "loved maps",
    "bar.mappers.subscribers.subscribers": "Abonnenten",
    "bar.badges.badges.badges": "Abzeichen",
    "pagination.previous": "zurück",
    "pagination.next": "weiter",
    "search.username": "Benutzername",
    "search.userID": "Nutzer-ID",
    "search.country": "Land",
    "search.rarestMedal": "Seltenste Medaille",
    "search.mode": "Modus",
    "search.group": "Gruppe",
    "search.placeholder": "suchen"
}