{
    "sidebar.search.placeholder": "nach einer Version suchen",
    "sidebar.submission": "Hast du eine coole Version? Reich Sie bei Osekai Snapshots ein!",
    "submit.title": "Eine Version einreichen!",
    "submit.versionName.title": "Versionsname",
    "submit.versionName.description": "Diese findest du am unteren Ende des Optionsmenüs in den meisten Versionen.",
    "submit.versionName.placeholder": "z.B. b20200905.1",
    "submit.versionFile.title": "Versions-Datei",
    "submit.versionFile.description": "Wir brauchen ein ZIP der Version. Du kannst sie mit einem Upload-Service wie Google Drive hochladen. Denke daran, deine Einstellungen zu löschen!",
    "submit.versionInfo.title": "Versionsinformation",
    "submit.versionInfo.description": "Erzähl uns einfach ein bisschen über deine Version! Das kann kurz oder lang sein, deine Entscheidung!",
    "submit.versionInfo.placeholder": "z.B. diese Version ist super fantastisch und enthält eine Menge neuer Features!",
    "submit.submit": "Eine Version einreichen",
    "submit.warning.header": "Bevor du diese Version abschickst, stell sicher, dass du alle Konfigurationsdateien gelöscht hast.",
    "submit.warning.body": "Diese Konfigurationsdateien könnten deine osu! Login-Daten wie Benutzername und Passwort enthalten. Bitte stelle sicher, dass du diese entfernt hast.",
    "submit.warning.confirm": "Ich habe diese Dateien entfernt.",
    "submit.warning.cancel": "Ich hab's vergessen! Lass mich das nachholen.",
    "submit.warning.footer": "Wenn du versehentlich eine Version mit einer Konfigurationsdatei einreichst, wende dich bitte an einen Administrator, um diese sofort entfernen zu lassen.",
    "submit.success.header": "Vielen Dank für deine Einreichung! Wir werden es so schnell wie möglich prüfen!",
    "version.released": "veröffentlicht am $1",
    "version.archivedBy": "archiviert von $1",
    "version.description.title": "Beschreibung",
    "version.downloads.title": "Downloads",
    "version.download.title": "download",
    "version.download.recommended": "empfohlen",
    "version.download.from": "von $1",
    "version.extraInfo.title": "Zusatzinformationen",
    "version.warnings.title": "Warnungen",
    "version.warnings.automaticallyUpdated.title": "Automatisch aktualisiert",
    "version.warnings.automaticallyUpdated.description": "Dieser Client wurde ursprünglich automatisch aktualisiert. Wir haben eine _staging-Datei verwendet, um dies zu verhindern.",
    "version.warnings.requiresServer.title": "Server erforderlich",
    "version.warnings.requiresServer.description": "Dieser Client kann ohne eine Verbindung zu einem privaten Server nicht geöffnet werden.",
    "version.screenshots": "Screenshots",
    "home.welcome": "Wilkommen auf der neuen Heimat von osu!archive!",
    "home.welcome.description": "wir haben hart an unserer neuen Website gearbeitet und können kaum erwarten zu hören, was du davon hältst!",
    "home.welcome.title": "Startseite",
    "home.slogan": "stellt $1 osu! versionen zwischen 2007 und heute bereit!",
    "home.slogan.unloaded": "archiviert osu! Versionen seit 2007 bis heute!"
}