{
    "title": "도움이 필요하거나 아이디어가 있으신가요? 연락해주세요!",
    "header": "저희는 소규모 팀입니다. 만약 osekai에 대해서 건의를 하거나 도움이 필요한게 있다면 언제든지 도와드리겠습니다!",
    "body.p1": "저희에게 연락을 취하는 가장 좋은 방법은 osu! Medal Hunters Discord에 참여하는 것입니다.",
    "body.p2": "서버의 링크는 홈페이지 혹은 홈페이지 좌측 상단의 앱 드롭다운 안에 있습니다.",
    "siteOwner": "사이트 소유자: $1",
    "snapshots": "만약 Osekai 스냅샷에 대해서 문제나 건의가 있다면 hubz@hubza.co.uk를 통해 Hubz에게 연락해주세요."
}