{
    "title": "후원은 절대로 필요한 것은 아니지만 항상 고마워 할 것입니다 :)",
    "body.p1": "저희는 웹사이트를 운영하기 위한 자금으로 후원금을 사용합니다. 투명성을 위해 하단에서 osekai 사이트로부터 발생된 금액 전체를 확인할 수 있습니다.",
    "body.p2": "저희는 모든 서비스를 무료로 제공하려고 합니다. 만약 후원을 함으로서 받게 되는 혜택은 댓글을 달때 닉네임 옆에 ❤가 달리는 것과 osekai 개발 디스코드 채널에 접근할 수 있는 권한을 획득할 수 있는 것 뿐이지만 추후 비슷한 혜택이 추가될 수 있습니다.,",
    "body.p3": "하단의 후원 랭킹 리스트는 즉시 업데이트 되지 않습니다. 하지만 걱정하지 마세요! 저희는 확인한 직후 바로 업데이트 할 것입니다.",
    "donate.title": "후원하기",
    "donate.header": "저희들을 지원하고 싶나요? 후원을 해주세요!",
    "donate.body": "유저네임을 보여주기 위해서는 로그인해야 하는 것을 기억하세요!",
    "donate.paypal": "PayPal로 후원",
    "donate.paysafecard": "Paysafecard로 후원",
    "costs.title": "비용",
    "costs.covered": "충당된 비용: $1 / $2",
    "top.title": "상위 후원자",
    "recent.title": "가장 최근 후원",
    "recent.message": "후원 메시지"
}