{
    "medal": "메달",
    "medals": "메달",
    "club": "클럽",
    "date_released": "$1에 출시됨",
    "date_added": "$1을 추가함",
    "date_updated": "$1을 업데이트함",
    "date_posted": "$1을 작성함",
    "date_submitted": "제출됨",
    "date_last_played": "마지막 플레이 날짜 $1",
    "submit": "제출",
    "add": "추가",
    "update": "업데이트",
    "delete": "삭제",
    "cancel": "취소",
    "global": "글로벌",
    "saveChanges": "변경사항 저장",
    "remove": "제거",
    "close": "닫기",
    "language.switch": "언어 전환",
    "locked.login": "이 기능을 사용하려면 로그인하세요!",
    "page.generatedIn": "$1초안에 페이지가 생성됩니다.",
    "ok": "Okay"
}