{
    "cover.subtitle": "<strong>비공식 랭킹</strong>, <strong>심층 프로필 정보</strong>, <strong>메달 해금 방법</strong>, <strong>수백가지의 버전</strong>등을 위한 홈",
    "cover.madeFor": "<span>the <strong>osekai</strong> team</span>에서 osu! 커뮤니티를 위해 만들었습니다.",
    "new": "신규",
    "new.text": "<strong>osekai</strong>에서는...",
    "new.introducing": "새로운 앱을 소개합니다:",
    "profiles.main": "저희는 osu! 프로필을 보고 관리할 수 있는 새로운 방법을 개발하고 있으며, 목표, 타임라인, 그리고 더 많은 멋진 새로운 기능을 생각해냈습니다. 그리고 1년이 넘는 개발 끝에, 드디어 완성하게 되었습니다. 한번 확인해보세요!",
    "medals.main": "osu!에 존재하는 모든 메달의 해금 방법과 해금을 위한 최적의 비트맵을 찾을 수 있으며 심지어 댓글로 대화까지 가능한 최고의 장소!",
    "snapshots.main": "osu!archive의 새로운 홈에서 구버전 오스 클라이언트를 체험하거나 더욱 특별한 버전을 확인해보세요!",
    "rankings.main": "메달, 랭크된 맵 등등 비공식 osu! 랭킹을 확인할 수 있는 유일한 장소!",
    "badges.main": "osu!의 거의 대부분의 뱃지와 뱃지 소유자들을 찾을 수 있는 최고의 장소",
    "discord.title": "<strong>osu! medal hunters</strong> 디스코드에 참여하세요!",
    "discord.text": "Osekai도 상주하고 있는 가장 큰 osu! medal hunting 커뮤니티를 확인해보세요!",
    "support.title": "후원하기",
    "support.text": "저희는 그저 작은 팀일 뿐입니다. 그러므로 만약 후원을 해주신다면 저희가 서버 유지비용을 충당하고 개발이 지속될 수 있도록 도와주실 수 있습니다!",
    "faq": "자주 묻는 질문",
    "faq.title": "자주 묻는 질문",
    "faq.welcome": "Osekai의 자주 묻는 질문에 오신 것을 환영합니다!",
    "faq.welcome.intro": "여기서는 Osekai에 대해서 일반적인 질문에 대한 답변을 찾을 수 있습니다. 시작하기 위해서는 사이드바에 있는 질문을 왼쪽으로 선택하세요.",
    "team.title": "팀",
    "team.role.mulraf": "프로젝트 대표 & 대표 개발자",
    "team.role.hubz": "개발자 & 대표 디자이너",
    "team.role.electroyan": "랭킹 데이터 엔지니어",
    "team.role.remyria": "커뮤니티 관리자",
    "team.role.generic.snapshotsManager": "스냅샷 관리자",
    "team.role.generic.snapshotsDeveloper": "스냅샷 개발자",
    "harumachi.title": "하루마치 컵의 오메가. 대망의 마지막!",
    "harumachi.text": "가장 최고이자 최악의 osu! 토너먼트가 마지막으로 돌아왔습니다. 확인해보세요!"
}