{
    "searchbar.placeholder": "메달 검색",
    "searchbar.filters.tooltip": "필터 검색",
    "searchbar.filters.title": "필터링 옵션",
    "searchbar.filters.unobtainedMedals": "획득하지 못한 메달",
    "solution.title": "해금법",
    "beatmaps.title": "비트맵 <p id=\"beatmap_count\" class=\"medals__bm-count\">0</p>",
    "beatmaps.note.add": "메모 추가",
    "beatmaps.note.view": "메모 확인",
    "beatmaps.note.title": "메모",
    "beatmap.by": "by",
    "beatmap.mappedBy": "mapped by",
    "beatmap.viewOnOsu": "<strong>osu.ppy.sh</strong>에서 비트맵 팩 보기",
    "beatmap.downloadWithDirect": "<strong> osu!direct</strong>로 다운로드하기",
    "beatmap.report": "해당 맵 보고하기",
    "beatmap.delete": "해당 맵 삭제하기",
    "video.title": "비디오",
    "beatmaps.add": "비트맵 추가",
    "beatmaps.add.title": "비트맵 추가",
    "beatmaps.add.body": "$1 메달에 비트맵 추가하기",
    "beatmaps.add.p1": "이 비트맵으로부터 메달을 반드시 받을 수 있어야 합니다. 그렇지 않다면 리스트에서 제거될 것입니다.",
    "beatmaps.add.url.placeholder": "비트맵 주소",
    "beatmaps.add.note.placeholder": "메모"
}