{
    "profile.viewOnOsekaiProfiles": "osekai 프로필에서 <light>프로필 보기</light>",
    "profile.viewOnOsu": "osu!에서 <light>프로필 보기</light>",
    "profile.logOut": "로그아웃",
    "profile.experimentalMode": "현재 실험 모드를 사용중입니다. 일부 기능이 작동하지 않을 수 있습니다.",
    "profile.logIn": "osu!로 <light>로그인 하기</light>",
    "search.placeholder": "무엇인가 검색하기. 아무거나.",
    "search.noResults": "검색 결과 없음",
    "settings.title": "<strong>osekai</strong> 설정",
    "settings.subtitle": "osekai를 당신 것으로 만들기",
    "settings.global.title": "글로벌",
    "settings.global.theme": "테마",
    "settings.global.theme.light": "라이트 테마",
    "settings.global.theme.dark": "다크 테마",
    "settings.global.theme.ultraDark": "울트라 다크 테마",
    "settings.global.theme.coldDark": "콜드 다크 테마",
    "settings.global.theme.system": "시스템 테마",
    "settings.global.language": "언어",
    "settings.profiles.title": "프로필",
    "settings.profiles.showMedalsFromAllModes": "모든 모드로부터 메달 보여주기",
    "notifications.title": "<strong>알람</strong>",
    "apps.support": "osekai 지원하기!",
    "apps.twitter": "트위터에서 osekai를 확인해보세요!",
    "apps.discord": "osu! Medal Hunters 디스코드에 참여하세요!",
    "apps.contact": "문의하기",
    "apps.privacy": "개인정보 보호정책",
    "apps.developmentDiscord": "개발 서버 참여하기",
    "tooltip.notifications": "알림",
    "tooltip.settings": "설정",
    "tooltip.search": "찾기"
}