{
    "home.panel.body": "당신의 osu! 프로필을 자세하게 보기",
    "home.yourProfile.title": "살펴보기",
    "home.yourProfile.subtitle": "당신의 <strong>프로필</strong>",
    "home.recentlyViewed.title": "최근 본 항목",
    "home.mostViewed.title": "가장 많이 본",
    "home.globalRankings.title": "세계 순위",
    "profile.bar.user": "프로필",
    "profile.bar.user.new": "<strong>$1</strong>의 프로필",
    "profile.bar.user.new-s": "<strong>$1</strong>'의 프로필",
    "profile.info.joined": "$1에 <span class=\"light\">가입함</span>",
    "profile.info.playsWith": "$1로 <span class=\"light\">플레이함</span>",
    "profile.timeline.title": "타임라인",
    "profile.timeline.addEntry": "항목 추가",
    "profile.timeline.addEntry.placeholder": "무언가 일어난거 같네요...",
    "profile.goals.title": "목표",
    "profile.goals.welcome.title": "<strong>목표</strong>에 오신 것을 환영합니다",
    "profile.goals.welcome.body": "목표는 메달 개수부터 pp, 심지어 뱃지와 랭크 등 당신의 osu! 목표를 추적할수 있는 방법입니다. 밑에서 새로운 목표를 추가할 수 있습니다. 왼쪽은 목표 타입이며 오른쪽에 있는 플러스 버튼을 누르면 목표를 추가할 수 있습니다.",
    "profile.goals.welcome.close": "이 패널은 첫 목표를 추가하면 <br> 자동으로 닫힙니다",
    "profile.goals.input.placeholder": "수량",
    "profile.goals.pp": "pp",
    "profile.goals.rank": "순위",
    "profile.goals.medals": "메달",
    "profile.goals.ssCount": "SS 갯수",
    "profile.goals.badges": "뱃지",
    "profile.goals.level": "레벨",
    "profile.goals.goal.title": "<strong>$2</strong> 안에 <strong>$1</strong> 도달하기",
    "profile.goals.goal.subtitle": "$1 ($2%)",
    "profile.goals.goal.started": "<strong>$1</strong>이 시작됨",
    "profile.goals.goalType": "목표 타입",
    "profile.stats.title": "통계",
    "profile.stats.globalRank": "세계 순위",
    "profile.stats.countryRank": "국가 순위",
    "profile.stats.accuracy": "정확도",
    "profile.stats.pp": "pp",
    "profile.stats.playtime": "플레이 시간",
    "profile.stats.plays": "플레이 횟수",
    "profile.medals.title": "메달",
    "profile.medals.medals": "메달",
    "profile.medals.rank": "메달 랭킹",
    "profile.medals.completion": "메달 완성도",
    "profile.medals.togo": "$1개의 메달이 남음",
    "profile.medals.until": "까지",
    "profile.medals.rarest": "<strong>가장 희귀한</strong> 메달",
    "profile.medals.onlyPercent": "오직 $1만이 이 메달을 가지고 있습니다!",
    "profile.medals.percentOfPlayers": "$1%의 플레이어",
    "profile.medals.history.new": "$1<br>새로운<br> 메달",
    "profile.snapshots.title": "<light>to Osekai Snapshots</light>에 버전 업로드됨",
    "profile.snapshots.uploadDate": "<strong>$1</strong> 스냅샷이 업로드 됨",
    "profile.snapshots.uploadDateUnknown": "업로드 된 날짜 알수 없음",
    "loading": "프로필 로딩 중"
}