{
    "home.addUser.title": "유저 추가하기",
    "home.addUser.loggedIn": "이미 로그인했기 때문에 당신은 자동으로 추가되었습니다! 당신은 다음 루프때 처리될 것입니다.",
    "home.addUser.loggedOut": "Osekai 랭킹에 자기 자신을 추가하기 위해서는 osu! 계정으로 로그인하세요. 로그인하기 위해 우측 상단에 있는 버튼을 클릭하세요.",
    "home.addUser.addAnotherUser.title": "다른 유저 추가하기",
    "home.addUser.addAnotherUser.loggedOut": "유저를 추가하기 위해서 로그인해주세요",
    "home.addUser.addAnotherUser.placeholder": "유저 ID",
    "home.addUser.addAnotherUser.button": "추가",
    "general.medals.title": "메달",
    "general.allmode.title": "모든 모드",
    "general.mappers.title": "매퍼",
    "general.badges.title": "뱃지",
    "general.medals.users": "유저",
    "general.medals.rarity": "희귀도",
    "general.allmode.replays": "리플레이",
    "general.allmode.standardDeviation": "표준 편차",
    "general.allmode.total": "pp 합계",
    "general.mappers.ranked": "랭크된 맵셋",
    "general.mappers.loved": "Loved된 맵셋",
    "general.mappers.subscribers": "구독자",
    "general.badges.badges": "뱃지",
    "general.medals.users.subheader": "메달 갯수로 측정한 랭킹",
    "general.medals.rarity.subheader": "각 메달마다 얼마나 희귀한지 궁금하신가요? 여기서 확인해보세요!",
    "general.allmode.replays.subheader": "리플레이 재생 횟수에 따른 랭킹",
    "general.allmode.standardDeviation.subheader": "표준 편차로 측정한 랭킹",
    "general.allmode.total.subheader": "모든 모드의 pp 총합으로 측정한 랭킹",
    "general.mappers.ranked.subheader": "누가 가장 ranked맵을 많이 만들었는지 확인해보세요!",
    "general.mappers.loved.subheader": "누가 가장 loved맵을 많이 만들었는지 확인해보세요!",
    "general.mappers.subscribers.subheader": "누가 가장 많은 구독자를 보유했는지 확인해보세요!",
    "general.badges.badges.subheader": "뱃지",
    "bar.general.with": "와 함께",
    "bar.medals.users.rarestMedal": "가장 희귀한 메달",
    "bar.medals.users.medalCompletion": "<span class='light'>메달</span> 완성도",
    "bar.medals.rarity.heldBy": "보유함",
    "bar.medals.rarity.only": "오직",
    "bar.allmode.standardDeviation.standardDeviationPP": "표준 편차",
    "bar.allmode.standardDeviation.totalPP": "pp 합계",
    "bar.allmode.standardDeviation.replaysWatched": "리플레이 재생 횟수",
    "bar.mappers.ranked.rankedMaps": "ranked 맵",
    "bar.mappers.loved.lovedMaps": "loved 맵",
    "bar.mappers.subscribers.subscribers": "구독자",
    "bar.badges.badges.badges": "뱃지",
    "pagination.previous": "이전",
    "pagination.next": "다음",
    "search.username": "사용자명",
    "search.userID": "유저 ID",
    "search.country": "국가",
    "search.rarestMedal": "가장 희귀한 메달",
    "search.mode": "모드",
    "search.group": "그룹",
    "search.placeholder": "여기에서 검색하세요!"
}