{
    "sidebar.search.placeholder": "버전 검색",
    "sidebar.submission": "멋진 버전을 가지고 계신가요? Osekai Snapshots에 제출하세요!",
    "submit.title": "버전 제출하기!",
    "submit.versionName.title": "버전명",
    "submit.versionName.description": "대부분 버전들의 옵션 메뉴 가장 아래에서 찾을 수 있습니다.",
    "submit.versionName.placeholder": "예시. b20200905.1",
    "submit.versionFile.title": "버전 파일",
    "submit.versionFile.description": "저희들은 ZIP 파일의 버전이 필요합니다. 구글 드라이브와 같은 업로드 서비스를 이용하여 업로드 할수 있으며 config 파일을 삭제하는것을 잊지 마세요!",
    "submit.versionInfo.title": "버전 정보",
    "submit.versionInfo.description": "해당 버전에 대해서 약간의 부가설명을 해주세요! 선택에 따라서 짧아도 길어도 상관없습니다.",
    "submit.versionInfo.placeholder": "예) 이 버전은 매우 멋지고 많은 새 기능이 들어있습니다!",
    "submit.submit": "버전 제출하기",
    "submit.warning.header": "이 버전을 업로드하기 전에, 모든 config 파일을 삭제했는지 확인하세요.",
    "submit.warning.body": "이 설정 파일은 유저네임과 비밀번호와 같은 osu! 로그인 정보를 담고 있을수 있습니다. 해당 정보를 제거했는지 꼭 확인해주세요",
    "submit.warning.confirm": "이 파일들을 제거했습니다.",
    "submit.warning.cancel": "까먹었습니다! 돌아갈게요.",
    "submit.warning.footer": "만약 config 파일이 들어있는 버전을 실수로 업로드했다면, 바로 삭제하기 위해서 어드민에게 연락해주세요.",
    "submit.success.header": "제출해주셔서 감사합니다! 최대한 빨리 확인해보겠습니다!",
    "version.released": "$1에 출시됨",
    "version.archivedBy": "아카이브한 사람: $1",
    "version.description.title": "상세정보",
    "version.downloads.title": "다운로드",
    "version.download.title": "다운로드",
    "version.download.recommended": "권장",
    "version.download.from": "$1로부터",
    "version.extraInfo.title": "추가 정보",
    "version.warnings.title": "경고",
    "version.warnings.automaticallyUpdated.title": "자동으로 업데이트됨",
    "version.warnings.automaticallyUpdated.description": "이 클라이언트는 기본적으로 자동 업데이트 됩니다. 저희들은 _stanging 파일을 적용해서 자동 업데이트를 방지했습니다.",
    "version.warnings.requiresServer.title": "서버 요구됨",
    "version.warnings.requiresServer.description": "이 클라이언트는 사설 서버 연결 없이는 열 수 없습니다.",
    "version.screenshots": "스크린샷",
    "home.welcome": "osu!archive의 새로운 홈에 오신 것을 환영합니다!",
    "home.welcome.description": "저희는 새로운 사이트를 개발하고 있으며 새 사이트에 대해서 어떻게 생각하는지 듣고 싶습니다!",
    "home.welcome.title": "홈페이지",
    "home.slogan": "2007년부터 지금까지의 osu! 버전들 제공중!",
    "home.slogan.unloaded": "2007년부터 지금까지의 osu! 버전 아카이브"
}