{
    "badges.title": "Odznaky ($1)",
    "sort.awardedAt.asc": "Ocenené (vzostupne)",
    "sort.awardedAt.desc": "Ocenené (zostupne)",
    "sort.name.asc": "Podľa mena (a-z)",
    "sort.name.desc": "Podľa mena (z-a)",
    "sort.playerCount.asc": "Podľa počtu hráčov (vzostupne)",
    "sort.playerCount.desc": "Podľa počtu hráčov (zostupne)",
    "search.placeholder": "vyhľadaj odznak!",
    "badge.firstAchieved": "najprv získal <strong>$1</strong>",
    "badge.ownedBy": "vlastnené <strong>$1</strong> hráčmi",
    "badge.ownedBySingular": "vlastnené <strong>$1</strong> hráčom",
    "badge.popup.playersWhoHave": "<strong>hráčov</strong> ktorí majú tento odznak",
    "badge.popup.1xVariant": "<strong>@1x</strong><br>variant",
    "paused": "Spracovanie pre Osekai Odznaky je teraz pozastavené. Iba odznaky spred $1 budú zobrazené.",
    "viewtype.grid": "Mriežka",
    "viewtype.compactList": "Kompaktný List",
    "viewtype.list": "Zoznam",
    "viewtype.ultraCompact": "Ultra Kompaktný"
}