{
    "title": "Potrebuješ pomoc alebo máš nápady? Kontaktuj nás!",
    "header": "Sme malý tím a ak máš hocičo o čom by si sa chcel porozprávať, alebo hocičo o čom potrebuješ pomoc v osekai, radi ti pomôžeme!",
    "body.p1": "Najlepšia cesta akou nás môžeš kontaktovať je osu! Medal Hunters Discord.",
    "body.p2": "Link na tento server je na domovskej stránke a v rozbaľovacom menu aplikácií v ľavom hornom rohu stránky.",
    "siteOwner": "Majiteľ Stránky: $1",
    "snapshots": "V prípade akýchkoľvek problémov alebo požiadaviek týkajúcich sa Osekai Snapshotov kontaktuj Hubza na adrese hubz@hubza.co.uk"
}