{
    "title": "Príspevky nikdy netreba, ale vždy sa cenia :)",
    "body.p1": "Používame ich aby sme pokryli náklady na prevádzku stránky. Pre transparentnosť si môžeš nižšie pozrieť všetky náklady, ktoré vyprodukovala samotná webová stránka osekai.",
    "body.p2": "Všetky naše služby chceme poskytovať bezplatne. Jediná \"výhoda\", ktorú získaš z darovania, je malé ❤ na tvojom mene pri komentovaní a prístup do osekai vývojárskeho Discord kanála, ale podobné veci môžu byť pridané v budúcnosti.",
    "body.p3": "List najlepšíách donatorov nebude aktualizovaný ihneď. Ale neboj, určite ho upravíme len čo si toho všimneme!",
    "donate.title": "Prispej!",
    "donate.header": "Chceš nás podporiť? Prosím pošli nám príspevok!",
    "donate.body": "Maj na pamäti, že ak chceš ukázať svoje meno, musíš byť prihlásený!",
    "donate.paypal": "Prispieť cez PayPal",
    "donate.paysafecard": "Prispieť s Paysafecard",
    "costs.title": "Náklady",
    "costs.covered": "pokryté náklady: $1 / $2",
    "top.title": "Najlepší Donatori",
    "recent.title": "Nedávne príspevky",
    "recent.message": "Darcovská správa"
}