{
    "medal": "medaila",
    "medals": "medaile",
    "club": "klub",
    "date_released": "zverejnené $1",
    "date_added": "pridané $1",
    "date_updated": "aktualizované $1",
    "date_posted": "postnuté $1",
    "date_submitted": "odoslané",
    "date_last_played": "naposledy hrané $1",
    "submit": "Odoslať",
    "add": "Pridať",
    "update": "Aktualizovať",
    "delete": "Vymazať",
    "cancel": "Zrušiť",
    "global": "Globálne",
    "saveChanges": "Uložiť Zmeny",
    "remove": "Odstrániť",
    "close": "Zavrieť",
    "language.switch": "Prepínam jazyk!",
    "locked.login": "Prihlás sa aby si mohol použiť túto funkciu!",
    "page.generatedIn": "Stránka generovaná za $1 sekúnd.",
    "ok": "Okay"
}