{
    "cover.subtitle": "domov <strong>alternatívnych rebríčkov</strong>, <strong>podrobného profilového infa</strong>, <strong>riešenia medailí</strong>, <strong>stoviek verzií</strong>, a viac",
    "cover.madeFor": "urobené pre osu! komunitu od <span><strong>osekai</strong> tímu</span>",
    "new": "nové!",
    "new.text": "v <strong>osekai</strong>...",
    "new.introducing": "Predstavujeme našu novú aplikáciu:",
    "profiles.main": "Pracovali sme na novom spôsobe zobrazovania a manažovania tvojho osu! profilu. Prišli sme na úžasné nové funkcie, ako ciele, časová os, a oveľa viac. A po viac ako roku vývoja je to konečne hotové. Pozri si to!",
    "medals.main": "Najlepšie miesto na nájdenie riešení pre všetky osu! medaile, najlepšie beatmapy, ktoré môžeš použiť a dokonca aj konverzovať v komentároch!",
    "snapshots.main": "Zaži nostalgické pocity zo starých osu! vydaní, alebo pozri si viacej špeciálne verzie v novom domove osu!archive!",
    "rankings.main": "Jediné miesto kde môžeš nájsť alternatívne osu! rebríčky pre medaile, ranknuté mapy a viac.",
    "badges.main": "Najlepšie miesto kde môžeš nájsť takmer každý odznak v osu!, aj spolu s ich majiteľmi.",
    "discord.title": "Pridaj sa do <strong>osu! medal hunters</strong> Discordu!",
    "discord.text": "Pozri si najväčšiu komunitu osu! medal hunterov na Discorde, kde sídli aj Osekai!",
    "support.title": "Podpor nás!",
    "support.text": "Sme len malý tím a darovaním nám pomáhaš udržiavať servery a vývoj projektu!",
    "faq": "FAQ",
    "faq.title": "Často Kladené Otázky",
    "faq.welcome": "Vitaj v Osekai FAQ!",
    "faq.welcome.intro": "Tu môžeš nájsť odpovede na často kladené otázky o Osekai. Vyber si otázku na bočnom paneli naľavo aby si začal.",
    "team.title": "Tím",
    "team.role.mulraf": "Vedúci Projektu & Vedúci Developer",
    "team.role.hubz": "Developer & Vedúci Dizajnér",
    "team.role.electroyan": "Inžinier Dát Rebríčkov",
    "team.role.remyria": "Komunitný Manažér",
    "team.role.generic.snapshotsManager": "Manažér Snapshotov",
    "team.role.generic.snapshotsDeveloper": "Developer Snapshotov",
    "harumachi.title": "Harumachi Cup Omega. Ten posledný.",
    "harumachi.text": "Najlepšo-najhorší osu! turnaj sa vracia posledný krát. Prihlás sa teraz!"
}