{
    "searchbar.placeholder": "vyhľadaj medailu",
    "searchbar.filters.tooltip": "Vyhľadávacie Filtre",
    "searchbar.filters.title": "Možnosti filtrovania",
    "searchbar.filters.unobtainedMedals": "Nezískané Medaile",
    "solution.title": "Riešenie",
    "beatmaps.title": "Beatmapy <p id=\"beatmap_count\" class=\"medals__bm-count\">0</p>",
    "beatmaps.note.add": "pridať poznámku",
    "beatmaps.note.view": "pozrieť si poznámku",
    "beatmaps.note.title": "Poznámka",
    "beatmap.by": "od",
    "beatmap.mappedBy": "mapa od",
    "beatmap.viewOnOsu": "Pozrieť si beatmap pack na <strong>osu.ppy.sh</strong>",
    "beatmap.downloadWithDirect": "stiahni pomocou<strong> osu!direct</strong>",
    "beatmap.report": "nahlás beatmapu",
    "beatmap.delete": "vymazať beatmapu",
    "video.title": "Video",
    "beatmaps.add": "Pridať Beatmapu",
    "beatmaps.add.title": "Pridať Beatmapu",
    "beatmaps.add.body": "Pridať beatmapu k medaili $1",
    "beatmaps.add.p1": "Maj na pamäti, že táto beatmapa musí byť výsledkom získanie medaile. Ak tomu tak nebude, bude zo zoznamu beatmap odstránená.",
    "beatmaps.add.url.placeholder": "URL Beatmapy",
    "beatmaps.add.note.placeholder": "Poznámka"
}