{
    "profile.viewOnOsekaiProfiles": "<light>pozrieť profil na</light> osekai profiloch",
    "profile.viewOnOsu": "<light>pozrieť profil na</light> osu!",
    "profile.logOut": "odhlásiť sa",
    "profile.experimentalMode": "Práve si v Experimentálnom Móde. Veci sa môžu pokaziť.",
    "profile.logIn": "prihlás sa <light>s</light> osu!",
    "search.placeholder": "hľadaj niečo. hocičo.",
    "search.noResults": "Nenašli sa žiadne výsledky",
    "settings.title": "<strong>osekai</strong> nastavenia",
    "settings.subtitle": "urob osekai tvojím vlastným",
    "settings.global.title": "globálne",
    "settings.global.theme": "vzhľad",
    "settings.global.theme.light": "svetlý vzhľad",
    "settings.global.theme.dark": "tmavý vzhľad",
    "settings.global.theme.ultraDark": "ultra tmavý vzhľad",
    "settings.global.theme.coldDark": "chladný temný motív",
    "settings.global.theme.system": "motív systému",
    "settings.global.language": "jazyk",
    "settings.profiles.title": "profily",
    "settings.profiles.showMedalsFromAllModes": "ukázať medaile zo všetkých módov",
    "notifications.title": "<strong>upozornenia</strong>",
    "apps.support": "podporte osekai!",
    "apps.twitter": "pozrite sa na osekai twitter!",
    "apps.discord": "pridaj sa na osu! Medal Hunters Discord!",
    "apps.contact": "kontaktujte nás",
    "apps.privacy": "zásady ochrany osobných údajov",
    "apps.developmentDiscord": "pripoj sa na náš developerský server",
    "tooltip.notifications": "Notifikácie",
    "tooltip.settings": "Nastavenia",
    "tooltip.search": "Hľadať"
}