{
    "home.panel.body": "podrobný pohľad na tvoj osu! profil",
    "home.yourProfile.title": "pozrieť sa",
    "home.yourProfile.subtitle": "tvoj<strong>profil</strong>",
    "home.recentlyViewed.title": "Nedávno Zobrazené",
    "home.mostViewed.title": "Najsledovanejšie",
    "home.globalRankings.title": "Globálne Rebríčky",
    "profile.bar.user": "Profil",
    "profile.bar.user.new": "Profil<strong>$1</strong>",
    "profile.bar.user.new-s": "Profil<strong>$1</strong>",
    "profile.info.joined": "<span class=\"light\">pripojil sa</span> $1",
    "profile.info.playsWith": "<span class=\"light\">hrá s</span> $1",
    "profile.timeline.title": "Časová os",
    "profile.timeline.addEntry": "Pridať Položku",
    "profile.timeline.addEntry.placeholder": "stalo sa niečo zaujímave...",
    "profile.goals.title": "Ciele",
    "profile.goals.welcome.title": "Vitaj v <strong>Cieľoch</strong>",
    "profile.goals.welcome.body": "Ciele sú spôsob ako sledovať svoje osu! ciele, cez počet medailí, pp, ba aj odznaky a ranky! Môžeš pridať cieľ dole. Naľavo je typ cieľa, a potom ak chceš cieľ pridať, stlač tlačítko plus napravo!",
    "profile.goals.welcome.close": "Tento panel sa automaticky zavrie keď<br>pridáš svoj prvý cieľ.",
    "profile.goals.input.placeholder": "Počet",
    "profile.goals.pp": "pp",
    "profile.goals.rank": "rank",
    "profile.goals.medals": "medaile",
    "profile.goals.ssCount": "Počet SS",
    "profile.goals.badges": "odznaky",
    "profile.goals.level": "level",
    "profile.goals.goal.title": "Dosiahni <strong>$1</strong> in <strong>$2</strong>",
    "profile.goals.goal.subtitle": "$1 ($2%)",
    "profile.goals.goal.started": "začal <strong>$1</strong>",
    "profile.goals.goalType": "Typ Cieľa",
    "profile.stats.title": "Štatistiky",
    "profile.stats.globalRank": "globálny rank",
    "profile.stats.countryRank": "krajinný rank",
    "profile.stats.accuracy": "presnosť",
    "profile.stats.pp": "pp",
    "profile.stats.playtime": "celkový počet hrania",
    "profile.stats.plays": "počet zahraní",
    "profile.medals.title": "Medaile",
    "profile.medals.medals": "medaile",
    "profile.medals.rank": "medailový rank",
    "profile.medals.completion": "dokončenie medailí",
    "profile.medals.togo": "ešte $1 medailí",
    "profile.medals.until": "do",
    "profile.medals.rarest": "<strong>najvzácnejšia</strong> medaila",
    "profile.medals.onlyPercent": "iba $1 majú túto medailu!",
    "profile.medals.percentOfPlayers": "$1% hráčov",
    "profile.medals.history.new": "$1<br>nové<br>medaile",
    "profile.snapshots.title": "Verzie nahrané <light> na Osekai Snapshoty</light>",
    "profile.snapshots.uploadDate": "Nahrané na Snapshoty <strong>$1</strong>",
    "profile.snapshots.uploadDateUnknown": "Čas nahrania neznámy",
    "loading": "Nahrávam profil"
}