{
    "home.addUser.title": "Pridaj používateľa!",
    "home.addUser.loggedIn": "Pretože si prihlásený, už si bol aj pridaný! Budeš spracovaný v ďalšom kole.",
    "home.addUser.loggedOut": "Aby si sa pridal do Osekai Rebríčkov, proste sa prihlás so svojím osu! účtom. Klikni na tlačítko v pravom vrchom rohu.",
    "home.addUser.addAnotherUser.title": "Pridaj ďalšieho používateľa",
    "home.addUser.addAnotherUser.loggedOut": "Prosím príhlas sa aby si mohol pridať ďalšieho používateľa.",
    "home.addUser.addAnotherUser.placeholder": "ID používateľa",
    "home.addUser.addAnotherUser.button": "Pridať",
    "general.medals.title": "Medaile",
    "general.allmode.title": "Všetky módy",
    "general.mappers.title": "Mapperi",
    "general.badges.title": "Odznaky",
    "general.medals.users": "Používatelia",
    "general.medals.rarity": "Vzácnosť",
    "general.allmode.replays": "Replaye",
    "general.allmode.standardDeviation": "Štandardná Odchýlka",
    "general.allmode.total": "Celkové pp",
    "general.mappers.ranked": "Ranknuté Mapsety",
    "general.mappers.loved": "Obľúbené Mapsety",
    "general.mappers.subscribers": "Odberatelia",
    "general.badges.badges": "Odznaky",
    "general.medals.users.subheader": "rebríček používateľov, usporiadaných podľa ich počtu medailí!",
    "general.medals.rarity.subheader": "zaujímalo ťa niekedy, aká vzácna je každá medaila? zisti to tu!",
    "general.allmode.replays.subheader": "používatelia zoradení podľa ich pozretých replayov!",
    "general.allmode.standardDeviation.subheader": "používatelia zoradení podľa štandardne odchýleného pp!",
    "general.allmode.total.subheader": "používatelia zoradení podľa pp zo všetkých módov!",
    "general.mappers.ranked.subheader": "zisti, kto je najlepší mapper!",
    "general.mappers.loved.subheader": "zisti, kto je najlepší obľúbený mapper!",
    "general.mappers.subscribers.subheader": "zisti, kto je najviac odoberaný používateľ!",
    "general.badges.badges.subheader": "odznaky",
    "bar.general.with": "s",
    "bar.medals.users.rarestMedal": "najvzácnejšia medaila",
    "bar.medals.users.medalCompletion": "<span class='light'>získaných</span> medailí",
    "bar.medals.rarity.heldBy": "majú ju",
    "bar.medals.rarity.only": "iba",
    "bar.allmode.standardDeviation.standardDeviationPP": "štandardne odchýlené pp",
    "bar.allmode.standardDeviation.totalPP": "celkové pp",
    "bar.allmode.standardDeviation.replaysWatched": "počet zhliadnutích replayov",
    "bar.mappers.ranked.rankedMaps": "ranknutých máp",
    "bar.mappers.loved.lovedMaps": "obľúbených máp",
    "bar.mappers.subscribers.subscribers": "odberatelia",
    "bar.badges.badges.badges": "odznaky",
    "pagination.previous": "predošlé",
    "pagination.next": "nasledujúce",
    "search.username": "Používateľské meno",
    "search.userID": "ID používateľa",
    "search.country": "Krajina",
    "search.rarestMedal": "Najvzácnejšia Medaila",
    "search.mode": "Mód",
    "search.group": "Skupina",
    "search.placeholder": "hľadaj tu!"
}