{
    "new.finished.title": "Nahlásené!",
    "new.finished.button": "Okej!",
    "new.comment.title": "Nahlásiť komentár",
    "new.beatmap.title": "Nahlásiť beatmapu",
    "new.bug.title": "Nahlásiť bug",
    "new.comment.body": "Práve nahlasuješ tento komentár. Prosím, daj nám podrobné detaily prečo by sme sa mali na tento komentár pozrieť, alebo prečo by mal byť vymazaný. Prosím, nenahlasuj komentáre ako vtip.",
    "new.beatmap.body": "Práve nahlasuješ návrh na beatmapu. Prosím, povedz nám prečo táto mapa nefunguje na túto medailu, a prečo by mala byť vymazaná.",
    "new.bug.body": "Ak zažíváš nejaký bug na Osekai, môžeš ho nahlásiť tu! Prosím daj nám detaily aký bug sa ti deje, a čo si sa snažil urobiť preto, aby si bug opravil.<br>Ak si to ešte neskúšal, prosím skús CTRL+F5. Weby väčšinou nechávajú dáta z pár dní zo serveru lokálne a niekedy tieto dáta môžu byť zastarané a môžu spôsobovať bugy. CTRL+F5 resetuje dáta, a väčšinou opraví všelijaké problémy, ktoré máš.",
    "new.comment.finished": "Ďakujeme za nahlásenie komentáru! Pozrieme sa na to čo najskôr.",
    "new.beatmap.finished": "Ďakujeme za nahlásenie tejto beatmapy! Pozrieme sa na to čo najskôr!",
    "new.bug.finished": "Thanks for reporting this bug. Our development team will loo k into it as soon as possible! If you have more questions or issues, feel free to contact us through the osu! Medal Hunters Discord server, found in the Apps dropdown in the top left.",
    "new.bug.finished.button": "V poriadku!",
    "logged-out": "Please log in to submit a report."
}