{
    "sidebar.search.placeholder": "vyhľadaj verziu",
    "sidebar.submission": "Máš cool verziu? Pridaj ju do Osekai Snapshotov!",
    "submit.title": "Pridaj verziu!",
    "submit.versionName.title": "Meno verzie",
    "submit.versionName.description": "Toto môžeš nájsť na spodku menu nastavení na väčšine verzií.",
    "submit.versionName.placeholder": "napr. b20200905.1",
    "submit.versionFile.title": "Súbor verzie",
    "submit.versionFile.description": "Potrebujeme ZIP súbor verzie. Môžeš ho nahrať používaním nahrávacieho servisu ako Google Drive. Nezabudni vymazať tvoje konfigurácie!",
    "submit.versionInfo.title": "Info verzie",
    "submit.versionInfo.description": "Iba nám trochu povedz o tvojej verzii! Môže to byť krátke alebo dlhé, tvoja voľba!",
    "submit.versionInfo.placeholder": "napr. Táto verzia je super úžasná a prichádza s hromadou nových funkcií!",
    "submit.submit": "Pridaj verziu",
    "submit.warning.header": "Predtým než pridáš túto verziu, uisti sa, že si vymazal všetky konfiguračné súbory.",
    "submit.warning.body": "Tieto konfiguráčné súbory by mohli obsahovať tvoje osu! prihlasovacie údaje, napr. meno a heslo. Prosím uisti sa, že si ich vymazal.",
    "submit.warning.confirm": "Vymazal som tieto súbory.",
    "submit.warning.cancel": "Zabudol som! Prosím pustite ma späť.",
    "submit.warning.footer": "Ak si náhodou pridal verziu s konfiguračným súborom, prosím kontaktuj admina aby to ihneď vymazal.",
    "submit.success.header": "Ďakujeme za tvoje odoslanie. Hneď sa na to pozrieme!",
    "version.released": "zverejnené $1",
    "version.archivedBy": "archivované od $1",
    "version.description.title": "Popis",
    "version.downloads.title": "Stiahnutia",
    "version.download.title": "stiahnuť",
    "version.download.recommended": "odporúčané",
    "version.download.from": "od $1",
    "version.extraInfo.title": "Extra informácie",
    "version.warnings.title": "Upozornenia",
    "version.warnings.automaticallyUpdated.title": "Automaticky Aktualizované",
    "version.warnings.automaticallyUpdated.description": "Tento klient sa originálne auto-aktualizoval. Pridali sme _stagging súbor aby sme tomu zabránili.",
    "version.warnings.requiresServer.title": "Potrebuje Server",
    "version.warnings.requiresServer.description": "Tento klient nemôže byť otvorený bez pripojenia sa na privátny server.",
    "version.screenshots": "Snímky obrazovky",
    "home.welcome": "Vitaj v novom dome osu!archive!",
    "home.welcome.description": "ťažko sme pracovali na našej novej stránke a nemôžeme sa dočkať aby sme počuli čo si o tom myslíš!",
    "home.welcome.title": "Domovská stránka",
    "home.slogan": "archivovanie $1 osu! verzií od roku 2007!",
    "home.slogan.unloaded": "archivovanie osu! verzií od roku 2007!"
}