{
    "badges.title": "バッジ ($1)",
    "sort.awardedAt.asc": "Awarded at (ascending)",
    "sort.awardedAt.desc": "Awarded at (descending)",
    "sort.name.asc": "Name (a-z)",
    "sort.name.desc": "Name (z-a)",
    "sort.playerCount.asc": "Player count (ascending)",
    "sort.playerCount.desc": "Player count (descending)",
    "search.placeholder": "メダルを検索...",
    "badge.firstAchieved": "first achieved <strong>$1</strong>",
    "badge.ownedBy": "owned by <strong>$1</strong> players",
    "badge.ownedBySingular": "owned by <strong>$1</strong> player",
    "badge.popup.playersWhoHave": "<strong>players</strong> who have this badge",
    "badge.popup.1xVariant": "<strong>@1x</strong><br>variant",
    "paused": "バッジの処理は現在一時停止中です。$1以前のバッジのみ表示されます。",
    "viewtype.grid": "グリッド表示",
    "viewtype.compactList": "コンパクトリスト",
    "viewtype.list": "リスト",
    "viewtype.ultraCompact": "コンパクト表示"
}