{
    "title": "ヘルプが必要ですか？または何かアイデアを提案したいですか？気軽にお問い合わせください。",
    "header": "We’re a small team, and if you have anything you’d like to discuss or anything you need help with in osekai, we’d be happy to help!",
    "body.p1": "私たちに連絡するための最良の方法は、osu! Medal Huntersのdiscordサーバーに参加することです。",
    "body.p2": "discordサーバーへのリンクはホームページと左上にあるアプリドロップダウンにあります。",
    "siteOwner": "サイト所有者: $1",
    "snapshots": "Osekaiスナップショットに関するご質問やご要望は、hubz@hubza.co.uk までお問い合わせください。"
}