{
    "medal": "メダル",
    "medals": "メダル",
    "club": "クラブ",
    "date_released": "released $1",
    "date_added": "added $1",
    "date_updated": "updated $1",
    "date_posted": "posted $1",
    "date_submitted": "submitted",
    "date_last_played": "last played $1",
    "submit": "送信",
    "add": "追加",
    "update": "更新",
    "delete": "削除",
    "cancel": "キャンセル",
    "global": "Global",
    "saveChanges": "Save Changes",
    "remove": "除く",
    "close": "Close",
    "language.switch": "言語の切り替え中...",
    "locked.login": "この機能を使用するにはログインしてください。",
    "page.generatedIn": "ページの構成に $1 秒かかりました",
    "ok": "Okay"
}