{
    "cover.subtitle": "<strong>ランキング、詳細なプロフィール、メダル解決法、<br>数百のスナップショット、</strong>他",
    "cover.madeFor": "<span>osekaiチーム</span>によるosu!コミュニティのための場所",
    "new": "新機能",
    "new.text": "<strong>osekai</strong>で...",
    "new.introducing": "新しいアプリの紹介",
    "profiles.main": "osu!のプロフィールを閲覧・管理するための新しい方法に取り組んでいます。 目標やタイムラインなどの新機能を追加しました。 一年以上かかった開発が完了しました。ぜひご覧ください！",
    "medals.main": "The best place to find solutions for all of the osu! medals, the best beatmaps to use, and even converse in the comments!",
    "snapshots.main": "Experience the nostalgic feels of early osu! releases, or check out some of the more special versions at the new home of osu!archive!",
    "rankings.main": "The only place to find alternative osu! rankings for medals, ranked maps, and more.",
    "badges.main": "The best place to find almost every badge in osu!, along with their owners.",
    "discord.title": "Join the <strong>osu! medal hunters</strong> Discord!",
    "discord.text": "Check out the biggest osu! medal hunting community on Discord, where Osekai also resides!",
    "support.title": "サポートが必要です！",
    "support.text": "私たちは小さなチームです。寄付をすることで、サーバーの稼働と開発のモチベーションを維持することができます。",
    "faq": "FAQ",
    "faq.title": "よくある質問",
    "faq.welcome": "Osekai FAQへようこそ！",
    "faq.welcome.intro": "Here you can find answers to common questions about Osekai. Select a question on the sidebar to your left to get started.",
    "team.title": "osekaiチーム",
    "team.role.mulraf": "チームリーダー & 開発リーダー",
    "team.role.hubz": "開発者&デザイナーリーダー",
    "team.role.electroyan": "ランキングデータエンジニア",
    "team.role.remyria": "コミュニティマネージャー",
    "team.role.generic.snapshotsManager": "スナップショットマネージャー",
    "team.role.generic.snapshotsDeveloper": "スナップショット開発者",
    "harumachi.title": "Harumachi Cup Omega. The final one.",
    "harumachi.text": "The best worst osu! tournament returns for the last time. Check it out!"
}