{
    "searchbar.placeholder": "メダルを検索",
    "searchbar.filters.tooltip": "検索フィルター",
    "searchbar.filters.title": "絞り込みオブション",
    "searchbar.filters.unobtainedMedals": "未獲得のメダルをハイライトする",
    "solution.title": "解決",
    "beatmaps.title": "<p id=\"beatmap_count\" class=\"medals__bm-count\">0</p> 個のビートマップ",
    "beatmaps.note.add": "メモを追加",
    "beatmaps.note.view": "メモを見る",
    "beatmaps.note.title": "メモ",
    "beatmap.by": "by",
    "beatmap.mappedBy": "作者 ",
    "beatmap.viewOnOsu": "<strong>osu.ppy.sh</strong>でビートマップパックを見る",
    "beatmap.downloadWithDirect": "<strong>osu!direct</strong>からダウンロード",
    "beatmap.report": "このビートマップを報告",
    "beatmap.delete": "このビートマップを削除",
    "video.title": "参考動画",
    "beatmaps.add": "ビートマップを追加",
    "beatmaps.add.title": "ビートマップを追加",
    "beatmaps.add.body": "ここで $1 メダルが取れるビートマップを追加しましょう。",
    "beatmaps.add.p1": "あなたが今追加するビートマップはメダルを獲得する必要があります。そうでない場合はリストから削除されます。",
    "beatmaps.add.url.placeholder": "ビートマップのリンク",
    "beatmaps.add.note.placeholder": "備考"
}