{
    "profile.viewOnOsekaiProfiles": "osekaiで<light>プロフィールを見る</light>",
    "profile.viewOnOsu": "osu!で<light>プロフィールを見る</light>",
    "profile.logOut": "ログアウト",
    "profile.experimentalMode": "現在実験モードが有効化されています。不具合が発生する可能性があります。",
    "profile.logIn": "osu! で<light>ログイン</light>",
    "search.placeholder": "検索キーワードを入力...",
    "search.noResults": "検索結果なし",
    "settings.title": "設定",
    "settings.subtitle": "ここでカスタマイズしましょう。",
    "settings.global.title": "共通",
    "settings.global.theme": "配色",
    "settings.global.theme.light": "ライト",
    "settings.global.theme.dark": "ダーク",
    "settings.global.theme.ultraDark": "暗黒",
    "settings.global.theme.coldDark": "冷黒",
    "settings.global.theme.system": "システムの配色を使用",
    "settings.global.language": "言語",
    "settings.profiles.title": "プロフィール",
    "settings.profiles.showMedalsFromAllModes": "すべてのモードのメダルを表示する",
    "notifications.title": "<strong>通知</strong>",
    "apps.support": "osekaiをサポートする",
    "apps.twitter": "osekaiのtwitterを見る",
    "apps.discord": "osu! Medal Huntersのdiscordに参加する",
    "apps.contact": "お問い合わせ",
    "apps.privacy": "プライバシーポリシー",
    "apps.developmentDiscord": "開発用サーバーに参加する",
    "tooltip.notifications": "通知",
    "tooltip.settings": "設定",
    "tooltip.search": "検索"
}