{
    "home.panel.body": "あなたの詳細なosu!プロフィールを見てみましょう",
    "home.yourProfile.title": "<div style=\"display: none\"><!-- japanese does not have this writing style --></div>",
    "home.yourProfile.subtitle": "あなたの <strong>プロフィール</strong>",
    "home.recentlyViewed.title": "最近の表示",
    "home.mostViewed.title": "Most Viewed",
    "home.globalRankings.title": "世界ランキング",
    "profile.bar.user": "プロフィール",
    "profile.bar.user.new": "<strong>$1</strong>のプロフィール",
    "profile.bar.user.new-s": "<strong>$1</strong>のプロフィール",
    "profile.info.joined": "<span class=\"light\">参加日</span> $1",
    "profile.info.playsWith": "<span class=\"light\">使用デバイス</span> $1",
    "profile.timeline.title": "タイムライン",
    "profile.timeline.addEntry": "項目を追加",
    "profile.timeline.addEntry.placeholder": "何か起こっていますよね。。",
    "profile.goals.title": "目標",
    "profile.goals.welcome.title": "ようこそ、<strong>目標</strong>へ",
    "profile.goals.welcome.body": "Goals is a way to keep track of your osu! goals, from medal counts, to pp goals, to even badges and rank! You can add a goal below. On the left is the goal type, and then to add the goal you can hit the plus button on the right!",
    "profile.goals.welcome.close": "This panel will close automatically when<br>you have added your first goal.",
    "profile.goals.input.placeholder": "数値",
    "profile.goals.pp": "pp",
    "profile.goals.rank": "順位",
    "profile.goals.medals": "メダル数",
    "profile.goals.ssCount": "SSの数",
    "profile.goals.badges": "バッジ",
    "profile.goals.level": "レベル",
    "profile.goals.goal.title": "Reach <strong>$1</strong> in <strong>$2</strong>",
    "profile.goals.goal.subtitle": "$1 ($2%)",
    "profile.goals.goal.started": "<strong>$1</strong>に開始しました",
    "profile.goals.goalType": "目標の種類",
    "profile.stats.title": "プレイ統計",
    "profile.stats.globalRank": "世界ランキング",
    "profile.stats.countryRank": "国別ランキング",
    "profile.stats.accuracy": "精度",
    "profile.stats.pp": "pp",
    "profile.stats.playtime": "プレイ時間",
    "profile.stats.plays": "プレイ数",
    "profile.medals.title": "メダル数",
    "profile.medals.medals": "メダル",
    "profile.medals.rank": "メダル獲得順位",
    "profile.medals.completion": "メダル獲得進歩",
    "profile.medals.togo": "あと$1個のメダルで",
    "profile.medals.until": "until",
    "profile.medals.rarest": "<strong>レア度が高い</strong>メダル",
    "profile.medals.onlyPercent": "$1しかこのメダルを持っていません！",
    "profile.medals.percentOfPlayers": "$1%のプレイヤー",
    "profile.medals.history.new": "$1<br>個の新しいメダル",
    "profile.snapshots.title": "Versions uploaded <light>to Osekai Snapshots</light>",
    "profile.snapshots.uploadDate": "Uploaded to Snapshots <strong>$1</strong>",
    "profile.snapshots.uploadDateUnknown": "Upload date unknown",
    "loading": "プロフィールの読み込み中…"
}