{
    "home.addUser.title": "ユーザーを追加",
    "home.addUser.loggedIn": "ログインしているため、既に追加されています。次のループで処理されます。",
    "home.addUser.loggedOut": "あなたをOsekaiランキングに追加するには、osu!アカウントでログインする必要があります。右上のアイコンをクリックしてログインしてください。",
    "home.addUser.addAnotherUser.title": "他のユーザーを追加",
    "home.addUser.addAnotherUser.loggedOut": "ユーザーを追加するにはログインしてください。",
    "home.addUser.addAnotherUser.placeholder": "ユーザーID",
    "home.addUser.addAnotherUser.button": "追加",
    "general.medals.title": "メダル",
    "general.allmode.title": "全てのモード",
    "general.mappers.title": "マッパー",
    "general.badges.title": "バッジ",
    "general.medals.users": "ユーザー",
    "general.medals.rarity": "レア度",
    "general.allmode.replays": "リプレイ数",
    "general.allmode.standardDeviation": "SPP",
    "general.allmode.total": "総pp",
    "general.mappers.ranked": "ランク付けされたマップ",
    "general.mappers.loved": "Lovedされたマップ",
    "general.mappers.subscribers": "Subscribers",
    "general.badges.badges": "バッジ",
    "general.medals.users.subheader": "メダル数でのユーザーの順位",
    "general.medals.rarity.subheader": "メダルがどのくらい珍しいか考えたことはありますか？ここで確認してみてください。",
    "general.allmode.replays.subheader": "リプレイの再生回数でのユーザーの順位",
    "general.allmode.standardDeviation.subheader": "users sorted by standard deviation pp!",
    "general.allmode.total.subheader": "総ppでのユーザーの順位",
    "general.mappers.ranked.subheader": "トップのマッパーを見つけましょう。",
    "general.mappers.loved.subheader": "トップのマッパーを見つけましょう。",
    "general.mappers.subscribers.subheader": "find out who the top subscribed user is!",
    "general.badges.badges.subheader": "バッジ",
    "bar.general.with": "with",
    "bar.medals.users.rarestMedal": "rarest medal",
    "bar.medals.users.medalCompletion": "<span class='light'>medal</span> completion",
    "bar.medals.rarity.heldBy": "held by",
    "bar.medals.rarity.only": "だけ",
    "bar.allmode.standardDeviation.standardDeviationPP": "standard deviated pp",
    "bar.allmode.standardDeviation.totalPP": "総pp",
    "bar.allmode.standardDeviation.replaysWatched": "リプレイの再生回数",
    "bar.mappers.ranked.rankedMaps": "ranked 譜面",
    "bar.mappers.loved.lovedMaps": "loved 譜面",
    "bar.mappers.subscribers.subscribers": "subscribers",
    "bar.badges.badges.badges": "バッジ",
    "pagination.previous": "前へ",
    "pagination.next": "次へ",
    "search.username": "ユーザー名",
    "search.userID": "ユーザーID",
    "search.country": "国/地域",
    "search.rarestMedal": "Rarest Medal",
    "search.mode": "モード",
    "search.group": "集団",
    "search.placeholder": "検索..."
}