{
    "sidebar.search.placeholder": "バージョンを検索",
    "sidebar.submission": "Have a cool version? Submit it to Osekai Snapshots!",
    "submit.title": "バージョンを送信する",
    "submit.versionName.title": "バージョン名",
    "submit.versionName.description": "ほとんどのバージョンには、バージョン名はoptionsメニューの最下部にあります。",
    "submit.versionName.placeholder": "例: b20200905.1",
    "submit.versionFile.title": "Version file",
    "submit.versionFile.description": "We need a ZIP of the version. You can upload one using an upload service such as Google Drive. Remember to delete your configs!",
    "submit.versionInfo.title": "バージョン情報",
    "submit.versionInfo.description": "バージョンについて教えてください。内容は長くても短くてもかまいません。",
    "submit.versionInfo.placeholder": "例: このバージョンはとても素晴らしく、たくさんの新機能があります。",
    "submit.submit": "送信",
    "submit.warning.header": "このバージョンを送信する前に、全ての設定ファイルを消すことを確認してください。",
    "submit.warning.body": "These config files could contain your osu! login details, such as username and password. Please make sure you’ve removed these.",
    "submit.warning.confirm": "これらのファイルを消しました。",
    "submit.warning.cancel": "I forgot! Let me go back.",
    "submit.warning.footer": "不意図的にバージョンの中にコンフィグを送信したと、アドミンを連絡してのに直ぐ消す。",
    "submit.success.header": "Thank you for your submission! We will check it out ASAP!",
    "version.released": "released $1",
    "version.archivedBy": "archived by $1",
    "version.description.title": "Description",
    "version.downloads.title": "Downloads",
    "version.download.title": "download",
    "version.download.recommended": "recommended",
    "version.download.from": "from $1",
    "version.extraInfo.title": "Extra info",
    "version.warnings.title": "ご注意",
    "version.warnings.automaticallyUpdated.title": "Automatically Updated",
    "version.warnings.automaticallyUpdated.description": "This client originally auto-updated. We've applied a _staging file to prevent this.",
    "version.warnings.requiresServer.title": "Requires Server",
    "version.warnings.requiresServer.description": "This client cannot be opened without connecting to a private server.",
    "version.screenshots": "スクリーンショット",
    "home.welcome": "Welcome to the new home of osu!archive!",
    "home.welcome.description": "we've been working hard on our new site, and we cant wait to hear what you think!",
    "home.welcome.title": "ホームページ",
    "home.slogan": "serving $1 osu! versions from 2007 to now!",
    "home.slogan.unloaded": "archiving osu! versions from 2007 to now!"
}