{
    "badges.title": "Merker ($1)",
    "sort.awardedAt.asc": "Tildelt på (økende)",
    "sort.awardedAt.desc": "Tildelt på (synkende)",
    "sort.name.asc": "Navn (a-å)",
    "sort.name.desc": "Navn (å-a)",
    "sort.playerCount.asc": "Antall spillere (stigende)",
    "sort.playerCount.desc": "Antall spillere (synkende)",
    "search.placeholder": "søk for et merke!",
    "badge.firstAchieved": "først oppnådd <strong>$1</strong>",
    "badge.ownedBy": "eid av <strong>$1</strong> spillere",
    "badge.ownedBySingular": "eid av <strong>$1</strong> spiller",
    "badge.popup.playersWhoHave": "<strong>spillere</strong> som har dette merket",
    "badge.popup.1xVariant": "<strong>@1x</strong><br>variant",
    "paused": "Behandling av Osekai Badges er for øyeblikket på pause. Bare merker før $1 vil bli vist.",
    "viewtype.grid": "Rutenett",
    "viewtype.compactList": "Kompakt liste",
    "viewtype.list": "Liste",
    "viewtype.ultraCompact": "Ultra-kompakt"
}