{
    "title": "Trenger du hjelper eller har du noen ideer? Kontakt oss!",
    "header": "Vi er et lite lag, og hvis du har noe du ønsker å diskutere, eller noe du trenger hjelp med i osekai, vil vi gjerne hjelpe!",
    "body.p1": "Den beste måten å kontakte oss på, er å bli med i osu! Medal Hunters Discord.",
    "body.p2": "En lenke til denne serveren er på hjemmesiden & i app-rullegardinlisten øverst til venstre på siden.",
    "siteOwner": "Nettsidens eier: $1",
    "snapshots": "For problemer eller forespørsler angående Osekai Snapshots, kontakt Hubz på hubz@hubza.co.uk"
}