{
    "title": "Donasjoner er aldri nødvendig, men alltid satt pris på :)",
    "body.p1": "Vi bruker dem til å dekke kostnadene av å drive nettsiden. For gjennomsiktighet kan du se alle kostnadene osekai nettstedet selv produsert nedenfor.",
    "body.p2": "Vi ønsker å tilby alle våre tjenester gratis. Den eneste \"fordelen\" du kommer fra donasjon, er et lite ❤ på navnet ditt når du kommenterer og får tilgang til osekai-utviklingskanalen, men lignende ting kan bli lagt til i fremtiden.",
    "body.p3": "Topp donorer-listen under vil ikke bli oppdatert umiddelbart. Men ikke bekymre deg, vi vil sørge for å oppdatere den så snart vi merker det!",
    "donate.title": "Doner!",
    "donate.header": "Vil du støtte oss? Hver så snill å send oss en donasjon!",
    "donate.body": "Husk at for å vise brukernavnet ditt, så må du logge inn!",
    "donate.paypal": "Doner med PayPal",
    "donate.paysafecard": "Doner med Paysafecard",
    "costs.title": "Kostnad",
    "costs.covered": "dekket kostnader: $1 / $2",
    "top.title": "Topp donorer",
    "recent.title": "Nylige donasjoner",
    "recent.message": "Donasjons melding"
}