{
    "medal": "medalje",
    "medals": "medaljer",
    "club": "klubb",
    "date_released": "sluppet $1",
    "date_added": "lagt til $1",
    "date_updated": "oppdatert $1",
    "date_posted": "postet $1",
    "date_submitted": "innsendt",
    "date_last_played": "sist spilt $1",
    "submit": "Send inn",
    "add": "Legg til",
    "update": "Oppdater",
    "delete": "Slett",
    "cancel": "Kanseller",
    "global": "Global",
    "saveChanges": "Lagre Endringer",
    "remove": "Fjern",
    "close": "Lukk",
    "language.switch": "Endrer språk!",
    "locked.login": "Logg inn for å bruke denne funksjonen!",
    "page.generatedIn": "Side generert på $1 sekunder.",
    "ok": "Okay"
}