{
    "cover.subtitle": "hjemmet til <strong>alternative rangeringer</strong>, <strong>dybdeprofilinformasjon</strong>, <strong>medaljeløsninger</strong>, <strong>hundrevis av versjoner</strong>, og mer",
    "cover.madeFor": "lagd for osu! fellesskapet av <span> <strong>osekai</strong> teamet</span>",
    "new": "ny!",
    "new.text": "i <strong>osekai</strong>...",
    "new.introducing": "Introduserer vår nye app:",
    "profiles.main": "Vi har jobbet med en ny måte å se på og administrere din osu! profil. Vi har kommet opp med fantastiske nye funksjoner, som mål, tidslinje, og mye mer. Etter over et år med utvikling er det endelig ferdig. Sjekk det ut!",
    "medals.main": "Det beste stedet å finne løsninger for alle osu!-medaljene, de beste beatmappene å bruke, og til og med diskutere i kommentarene!",
    "snapshots.main": "Opplev de nostalge følelsene av tidlig osu!-utgivelser, eller sjekk ut noen av de flere spesielle versjonene hos det nye hjemmet til osu!arkiv!",
    "rankings.main": "Det eneste stedet å finne alternative osu!-rangeringer for medaljer, rangerte kart og mer.",
    "badges.main": "Det beste stedet å finne nesten alle merker i osu!, sammen med sine eiere.",
    "discord.title": "Bli med i <strong>osu! medal hunters</strong> Discord!",
    "discord.text": "Sjekk ut den største osu! medaljejakt fellesskapet på Discord, hvor Osekai også er!",
    "support.title": "Støtt oss!",
    "support.text": "Vi er bare et lite lag, og ved å donere du hjelper oss å holde serverne kjørende og å utvikle videre!",
    "faq": "OSS",
    "faq.title": "Ofte Stilte Spørsmål",
    "faq.welcome": "Velkommen til Osekai OSS!",
    "faq.welcome.intro": "Her finner du svar på ofte stilte spørsmål om Osekai. Velg et spørsmål fra sidepanelet til venstre for å komme i gang.",
    "team.title": "Teamet",
    "team.role.mulraf": "Prosjektleder & Hovedutvikler",
    "team.role.hubz": "Utvikler & Hoveddesigner",
    "team.role.electroyan": "Rankings Data ingeniør",
    "team.role.remyria": "Felleskap Manager",
    "team.role.generic.snapshotsManager": "Snapshots Manager",
    "team.role.generic.snapshotsDeveloper": "Snapshots Utvikler",
    "harumachi.title": "Harumachi Cup Omega. Den siste.",
    "harumachi.text": "Den beste værste osu! turneringen returnerer for siste gang. Sjekk det ut!"
}