{
    "searchbar.placeholder": "søk etter en medalje",
    "searchbar.filters.tooltip": "Søkefilter",
    "searchbar.filters.title": "Filtreringsalternativer",
    "searchbar.filters.unobtainedMedals": "Uoppnådde Medaljer",
    "solution.title": "Løsning",
    "beatmaps.title": "Beatmaps <p id=\"beatmap_count\" class=\"medals__bm-count\">0</p>",
    "beatmaps.note.add": "legg til et notat",
    "beatmaps.note.view": "se notatet",
    "beatmaps.note.title": "Notat",
    "beatmap.by": "av",
    "beatmap.mappedBy": "mappet av",
    "beatmap.viewOnOsu": "Se beatmappakken på <strong>osu.ppy.sh</strong>",
    "beatmap.downloadWithDirect": "last ned med<strong> osu!direct</strong>",
    "beatmap.report": "rapporter dette beatmappet",
    "beatmap.delete": "slett dette beatmappet",
    "video.title": "Video",
    "beatmaps.add": "Legg Til Beatmap",
    "beatmaps.add.title": "Legg til et beatmap",
    "beatmaps.add.body": "Legg til et beatmap for medaljen $1",
    "beatmaps.add.p1": "Husk at dette beatmappet må føre til å motta medaljen. Hvis det ikke fjernes fra listen.",
    "beatmaps.add.url.placeholder": "Beatmap URL",
    "beatmaps.add.note.placeholder": "Notat"
}