{
    "profile.viewOnOsekaiProfiles": "<light>se profil på</light> osekai profiler",
    "profile.viewOnOsu": "<light>se profil på</light> osu!",
    "profile.logOut": "logg ut",
    "profile.experimentalMode": "Du er foreløpig i Eksperimentell Modus. Ting kan gå i stykker.",
    "profile.logIn": "logg inn <light>med</light> osu!",
    "search.placeholder": "søk etter noe. hva som helst.",
    "search.noResults": "Ingen treff",
    "settings.title": "<strong>osekai</strong> innstillinger",
    "settings.subtitle": "gjør osekai din egen",
    "settings.global.title": "global",
    "settings.global.theme": "tema",
    "settings.global.theme.light": "lyst tema",
    "settings.global.theme.dark": "mørkt tema",
    "settings.global.theme.ultraDark": "ultra mørkt tema",
    "settings.global.theme.coldDark": "kaldt mørkt tema",
    "settings.global.theme.system": "system tema",
    "settings.global.language": "språk",
    "settings.profiles.title": "profiler",
    "settings.profiles.showMedalsFromAllModes": "vis medaljer fra alle moduser",
    "notifications.title": "<strong>varslinger</strong>",
    "apps.support": "støtt osekai!",
    "apps.twitter": "sjekk ut osekai på twitter!",
    "apps.discord": "bli med i osu! Medal Hunters Discord!",
    "apps.contact": "kontakt oss",
    "apps.privacy": "personvernregler",
    "apps.developmentDiscord": "bli med i vår utviklingsserver",
    "tooltip.notifications": "Varslinger",
    "tooltip.settings": "Instillinger",
    "tooltip.search": "Søk"
}