{
    "home.panel.body": "en grundig titt på din osu! profil",
    "home.yourProfile.title": "sjekk ut",
    "home.yourProfile.subtitle": "din <strong>profil</strong>",
    "home.recentlyViewed.title": "Nylig vist",
    "home.mostViewed.title": "Mest Sett",
    "home.globalRankings.title": "Globale Rangeringer",
    "profile.bar.user": "Profil",
    "profile.bar.user.new": "<strong>$1</strong> sin profil",
    "profile.bar.user.new-s": "<strong>$1</strong>s profil",
    "profile.info.joined": "<span class=\"light\">ble med</span> $1",
    "profile.info.playsWith": "<span class=\"light\">spiller med</span> $1",
    "profile.timeline.title": "Tidslinje",
    "profile.timeline.addEntry": "Ny Oppføring",
    "profile.timeline.addEntry.placeholder": "noe interessant skjedde...",
    "profile.goals.title": "Mål",
    "profile.goals.welcome.title": "Velkommen til <strong>Goals</strong>",
    "profile.goals.welcome.body": "Goals er en måte å holde orden på din osu! mål, fra antall medaljer, antall pp, til merker og rang! Du kan legge til et mål nedenfor. Til venstre er typen mål, for å legge til målet du kan trykke pluss-knappen til høyre!",
    "profile.goals.welcome.close": "Dette panelet lukkes automatisk når<br>du har lagt til ditt første mål.",
    "profile.goals.input.placeholder": "Antall",
    "profile.goals.pp": "pp",
    "profile.goals.rank": "rang",
    "profile.goals.medals": "medaljer",
    "profile.goals.ssCount": "SS antall",
    "profile.goals.badges": "merker",
    "profile.goals.level": "nivå",
    "profile.goals.goal.title": "Nå <strong>$1</strong> i <strong>$2</strong>",
    "profile.goals.goal.subtitle": "$1 ($2%)",
    "profile.goals.goal.started": "begynt <strong>$1</strong>",
    "profile.goals.goalType": "Type Mål",
    "profile.stats.title": "Statistikk",
    "profile.stats.globalRank": "global rang",
    "profile.stats.countryRank": "landsrangering",
    "profile.stats.accuracy": "presisjon",
    "profile.stats.pp": "pp",
    "profile.stats.playtime": "spilletid",
    "profile.stats.plays": "spillforsøk",
    "profile.medals.title": "Medaljer",
    "profile.medals.medals": "medaljer",
    "profile.medals.rank": "medaljerang",
    "profile.medals.completion": "medaljefullføring",
    "profile.medals.togo": "$1 medaljer igjen",
    "profile.medals.until": "til",
    "profile.medals.rarest": "<strong>sjeldneste</strong> medalje",
    "profile.medals.onlyPercent": "bare $1 har denne medaljen!",
    "profile.medals.percentOfPlayers": "$1% av spillere",
    "profile.medals.history.new": "$1<br>nye<br>medaljer",
    "profile.snapshots.title": "Versjoner lastet opp <light>til Osekai Snapshots</light>",
    "profile.snapshots.uploadDate": "Opplastet til Snapshots <strong>$1</strong>",
    "profile.snapshots.uploadDateUnknown": "Ukjent utgivelsesdato",
    "loading": "Laster profil"
}