{
    "home.addUser.title": "Legg til en bruker!",
    "home.addUser.loggedIn": "Fordi du er logget inn, er du allerede lagt til! Du vil bli behandlet i neste runde.",
    "home.addUser.loggedOut": "For å legge deg selv til Osekai Rankings, logg inn med din osu!-konto. Klikk på knappen i øvre høyre hjørne for å gjøre det.",
    "home.addUser.addAnotherUser.title": "Legg til annen bruker",
    "home.addUser.addAnotherUser.loggedOut": "Logg inn for å legge til en bruker.",
    "home.addUser.addAnotherUser.placeholder": "Bruker ID",
    "home.addUser.addAnotherUser.button": "Legg til",
    "general.medals.title": "Medaljer",
    "general.allmode.title": "Alle moduser",
    "general.mappers.title": "Mappere",
    "general.badges.title": "Merker",
    "general.medals.users": "Brukere",
    "general.medals.rarity": "Sjeldenhet",
    "general.allmode.replays": "Repriser",
    "general.allmode.standardDeviation": "Standardavvik",
    "general.allmode.total": "Totalt antall pp",
    "general.mappers.ranked": "Rangerte beatmapsets",
    "general.mappers.loved": "Elskede beatmapsets",
    "general.mappers.subscribers": "Abonnenter",
    "general.badges.badges": "Merker",
    "general.medals.users.subheader": "en resultatliste over brukere, sortert etter deres antall medaljer!",
    "general.medals.rarity.subheader": "noen gang lurte på hvor sjelden hver medalje er? Finn det ut her!",
    "general.allmode.replays.subheader": "brukere sortert på antall repriser sett av andre!",
    "general.allmode.standardDeviation.subheader": "brukere sortert etter standardavvik pp!",
    "general.allmode.total.subheader": "brukere sortert etter deres pp sammenlagt på tvers av alle moduser!",
    "general.mappers.ranked.subheader": "finn ut hvem den øverste rangerte mapperen er!",
    "general.mappers.loved.subheader": "finn ut hvem den øverste elskede mapperen er!",
    "general.mappers.subscribers.subheader": "finn ut hvem som har flest mapping-abonnenter!",
    "general.badges.badges.subheader": "merker",
    "bar.general.with": "med",
    "bar.medals.users.rarestMedal": "sjeldneste medalje",
    "bar.medals.users.medalCompletion": "<span class='light'>medalje</span> fullførelse",
    "bar.medals.rarity.heldBy": "holdt av",
    "bar.medals.rarity.only": "bare",
    "bar.allmode.standardDeviation.standardDeviationPP": "standard avviket pp",
    "bar.allmode.standardDeviation.totalPP": "totalt antall pp",
    "bar.allmode.standardDeviation.replaysWatched": "repriser sett",
    "bar.mappers.ranked.rankedMaps": "rangerte beatmaps",
    "bar.mappers.loved.lovedMaps": "elskede beatmaps",
    "bar.mappers.subscribers.subscribers": "abonnenter",
    "bar.badges.badges.badges": "merker",
    "pagination.previous": "forrige",
    "pagination.next": "neste",
    "search.username": "Brukernavn",
    "search.userID": "Bruker ID",
    "search.country": "Land",
    "search.rarestMedal": "Sjeldneste Medalje",
    "search.mode": "Modus",
    "search.group": "Gruppe",
    "search.placeholder": "søk her!"
}