{
    "new.finished.title": "Rapportert!",
    "new.finished.button": "OK!",
    "new.comment.title": "Rapporter denne kommentaren",
    "new.beatmap.title": "Rapporter dette beatmappet",
    "new.bug.title": "Rapporter en feil",
    "new.comment.body": "Du rapporterer for øyeblikket denne kommentaren. Vennligst forklar grundig hvorfor denne kommentaren bør undersøkes eller fjernes. Vennligst unngå å rapportere kommentarer for en vits.",
    "new.beatmap.body": "Du rapporterer for øyeblikket dette beatmapforslaget. Vennligst fortell oss hvorfor du tror at dette beatmappet ikke er egnet for denne medaljen og hvorfor det bør fjernes.",
    "new.bug.body": "Hvis du opplever en feil på Osekai, kan du rapportere den her! Vennligst gi oss detaljer om hvilken feil du har oppdaget, og hvilke løsninger du har prøvd for å fikse det.<br>Hvis du ikke har ennå, kan du prøve CTRL+F5. Nettlesere beholder vanligvis filer fra serveren lokalt i noen dager, og noen ganger kan disse være utdaterte og forårsake feil. CTRL+F5 tilbakestiller denne cachen, og fikser ofte feil du eventuelt opplever.",
    "new.comment.finished": "Takk for at du rapporterer denne kommentaren! Vi vil undersøke den så snart som mulig.",
    "new.beatmap.finished": "Takk for at du rapporterte dette beatmappet! Vi vil undersøke det så snart som mulig!",
    "new.bug.finished": "Thanks for reporting this bug. Our development team will loo k into it as soon as possible! If you have more questions or issues, feel free to contact us through the osu! Medal Hunters Discord server, found in the Apps dropdown in the top left.",
    "new.bug.finished.button": "Greit!",
    "logged-out": "Please log in to submit a report."
}