{
    "sidebar.search.placeholder": "søk etter en versjon",
    "sidebar.submission": "Har du en kul versjon? Send den til Osekai Snapshots!",
    "submit.title": "Send inn en versjon!",
    "submit.versionName.title": "Versjonsnavn",
    "submit.versionName.description": "Du kan finne dette nederst i instillinger i de fleste versjoner.",
    "submit.versionName.placeholder": "f.eks. b20200905.1",
    "submit.versionFile.title": "Versjonfil",
    "submit.versionFile.description": "Vi trenger en ZIP av versjonen. Du kan laste opp en ved å bruke en opplastingstjeneste som Google Drive. Husk å slette dine konfigurasjoner!",
    "submit.versionInfo.title": "Versjoninformasjon",
    "submit.versionInfo.description": "Bare fortell oss litt om versjonen din! Dette kan være kort eller langt, du velger!",
    "submit.versionInfo.placeholder": "f.eks denne versjonen er super-fantastisk og kommer med en haug med nye funksjoner!",
    "submit.submit": "Send inn versjon",
    "submit.warning.header": "Før du sender inn denne versjonen, sørg for at du har slettet alle konfigurasjonsfiler.",
    "submit.warning.body": "Disse konfigurasjonsfilene kan inneholde osu! innloggingsdetaljer som brukernavn og passord. Dobbeltsjekk at du har fjernet disse.",
    "submit.warning.confirm": "Jeg har fjernet disse filene.",
    "submit.warning.cancel": "Jeg glemte det! La meg gå tilbake.",
    "submit.warning.footer": "Hvis du ved et uhell sender inn en versjon med en konfigurasjonsfil, vennligst kontakt en admin for å få den fjernet umiddelbart.",
    "submit.success.header": "Takk for din innsending! Vi vil sjekke det ut ASAP!",
    "version.released": "utgitt $1",
    "version.archivedBy": "arkivert av $1",
    "version.description.title": "Beskrivelse",
    "version.downloads.title": "Nedlastinger",
    "version.download.title": "last ned",
    "version.download.recommended": "anbefalt",
    "version.download.from": "fra $1",
    "version.extraInfo.title": "Ekstra informasjon",
    "version.warnings.title": "Advarsler",
    "version.warnings.automaticallyUpdated.title": "Automatisk Oppdatert",
    "version.warnings.automaticallyUpdated.description": "Denne klienten har opprinnelig oppdatert automatisk. Vi har brukt en _staging fil for å hindre dette.",
    "version.warnings.requiresServer.title": "Krever Server",
    "version.warnings.requiresServer.description": "Denne klienten kan ikke åpnes uten tilkobling til en privat server.",
    "version.screenshots": "Skjermbilder",
    "home.welcome": "Velkommen til det nye hjemmet til osu!arkivet!",
    "home.welcome.description": "vi har jobbet hardt med vårt nye nettsted, og vi gleder oss til å høre hva du synes!",
    "home.welcome.title": "Hjemmeside",
    "home.slogan": "$1 arkiverte osu! versjoner fra 2007 til nå!",
    "home.slogan.unloaded": "arkiverer osu! versjoner fra 2007 til nå!"
}