{
    "badges.title": "奖章 ($1)",
    "sort.awardedAt.asc": "授予时间 (升序)",
    "sort.awardedAt.desc": "授予时间 (降序)",
    "sort.name.asc": "名称 (a-z)",
    "sort.name.desc": "名称 (z-a)",
    "sort.playerCount.asc": "玩家数量 (升序)",
    "sort.playerCount.desc": "玩家数量 (降序)",
    "search.placeholder": "搜索奖章！",
    "badge.firstAchieved": "首次获得于 <strong>$1</strong>",
    "badge.ownedBy": "<strong>$1</strong> 个玩家拥有",
    "badge.ownedBySingular": "<strong>$1</strong> 个玩家拥有",
    "badge.popup.playersWhoHave": "拥有该奖章的 <strong>玩家</strong>",
    "badge.popup.1xVariant": "<strong>@1x</strong><br>版本",
    "paused": "Osekai Badges的处理目前暂停。只有 $1 之前的奖章会被显示。",
    "viewtype.grid": "网格视图",
    "viewtype.compactList": "紧凑视图",
    "viewtype.list": "列表视图",
    "viewtype.ultraCompact": "超紧凑视图"
}