{
    "title": "需要帮助或有任何想法？请与我们联系！",
    "header": "我们是一个小团队，如果你有任何想要讨论的东西，或者你在 osekai需要帮助， 我们很乐意提供帮助！",
    "body.p1": "联系我们的最好方式是加入osu! Medal Hunters Discord。",
    "body.p2": "Discord服务器的链接在主页上和页面左上方的下拉菜单里。",
    "siteOwner": "网站所有者: $1",
    "snapshots": "关于 Osekai Snapshots 的任何问题或请求，请通过hubz@hubza.co.uk 联系 Hubz"
}