{
    "medal": "成就",
    "medals": "成就",
    "club": "club",
    "date_released": "发布于 $1",
    "date_added": "added $1",
    "date_updated": "更新于 $1",
    "date_posted": "posted $1",
    "date_submitted": "提交于",
    "date_last_played": "last played $1",
    "submit": "Submit",
    "add": "添加",
    "update": "更新",
    "delete": "删除",
    "cancel": "取消",
    "global": "Global",
    "saveChanges": "保存更改",
    "remove": "Remove",
    "close": "关闭",
    "language.switch": "正在切换语言!",
    "locked.login": "登录以使用此功能！",
    "page.generatedIn": "花费了 $1 秒生成页面。",
    "ok": "Okay"
}