{
    "cover.subtitle": "the home of <strong>alternative rankings</strong>, <strong>in-depth profile info</strong>, <strong>medal solutions</strong>, <strong>hundreds of versions</strong>, and more",
    "cover.madeFor": "made for the osu! community by <span>the <strong>osekai</strong> team</span>",
    "new": "new!",
    "new.text": "in <strong>osekai</strong>...",
    "new.introducing": "Introducing our new app:",
    "profiles.main": "We’ve been working on a new way for you to view and manage your osu! profile. We’ve come up with awesome new features, like Goals, Timeline, and much more. And after over a year of development, it’s finally done. Check it out!",
    "medals.main": "The best place to find solutions for all of the osu! medals, the best beatmaps to use, and even converse in the comments!",
    "snapshots.main": "Experience the nostalgic feels of early osu! releases, or check out some of the more special versions at the new home of osu!archive!",
    "rankings.main": "The only place to find alternative osu! rankings for medals, ranked maps, and more.",
    "badges.main": "The best place to find almost every badge in osu!, along with their owners.",
    "discord.title": "Join the <strong>osu! medal hunters</strong> Discord!",
    "discord.text": "Check out the biggest osu! medal hunting community on Discord, where Osekai also resides!",
    "support.title": "Support us!",
    "support.text": "We're just a small team, and by donating you help us keep the servers running and development going!",
    "faq": "FAQ",
    "faq.title": "Frequently Asked Questions",
    "faq.welcome": "Welcome to the Osekai FAQ!",
    "faq.welcome.intro": "Here you can find answers to common questions about Osekai. Select a question on the sidebar to your left to get started.",
    "team.title": "The Team",
    "team.role.mulraf": "Project Lead & Lead Developer",
    "team.role.hubz": "Developer & Lead Designer",
    "team.role.electroyan": "Rankings Data Engineer",
    "team.role.remyria": "Community Manager",
    "team.role.generic.snapshotsManager": "Snapshots Manager",
    "team.role.generic.snapshotsDeveloper": "Snapshots Developer",
    "harumachi.title": "Harumachi Cup Omega. The final one.",
    "harumachi.text": "The best worst osu! tournament returns for the last time. Check it out!"
}