{
    "searchbar.placeholder": "搜索成就！",
    "searchbar.filters.tooltip": "筛选搜索结果",
    "searchbar.filters.title": "筛选选项",
    "searchbar.filters.unobtainedMedals": "未取得的成就",
    "solution.title": "解决方法",
    "beatmaps.title": "谱面 <p id=\"beatmap_count\" class=\"medals__bm-count\">0</p>",
    "beatmaps.note.add": "添加备注",
    "beatmaps.note.view": "查看备注",
    "beatmaps.note.title": "备注",
    "beatmap.by": "曲师",
    "beatmap.mappedBy": "谱师",
    "beatmap.viewOnOsu": "在 <strong>osu.ppy.sh</strong> 查看曲包",
    "beatmap.downloadWithDirect": "使用 <strong> osu!direct</strong> 下载",
    "beatmap.report": "举报这个谱面",
    "beatmap.delete": "删除这个谱面",
    "video.title": "视频",
    "beatmaps.add": "添加谱面",
    "beatmaps.add.title": "添加谱面",
    "beatmaps.add.body": "向成就 $1 添加谱面",
    "beatmaps.add.p1": "请注意必须保证该谱面能获取对应的成就，否则将会被移除",
    "beatmaps.add.url.placeholder": "谱面URL",
    "beatmaps.add.note.placeholder": "备注"
}