{
    "profile.viewOnOsekaiProfiles": "<light>在</light> osekai profiles <light>上查看个人资料!</light>",
    "profile.viewOnOsu": "<light>在</light> osu! <light>上查看个人资料!</light>",
    "profile.logOut": "退出登录",
    "profile.experimentalMode": "您目前正处于实验模式。可能会有意外发生。",
    "profile.logIn": "<light>用</light> osu! 登录!",
    "search.placeholder": "搜索任何东西",
    "search.noResults": "未找到任何结果",
    "settings.title": "<strong>osekai</strong> 设置",
    "settings.subtitle": "个性化 osekai",
    "settings.global.title": "全局设置",
    "settings.global.theme": "主题",
    "settings.global.theme.light": "亮色主题",
    "settings.global.theme.dark": "暗色主题",
    "settings.global.theme.ultraDark": "极暗主题",
    "settings.global.theme.coldDark": "冷暗主题",
    "settings.global.theme.system": "跟随系统设置",
    "settings.global.language": "语言",
    "settings.profiles.title": "个人资料",
    "settings.profiles.showMedalsFromAllModes": "显示来自所有模式的成就",
    "notifications.title": "<strong>通知</strong>",
    "apps.support": "支持 osekai！",
    "apps.twitter": "在 Twitter 上查看 osekai！",
    "apps.discord": "加入 osu! Medal Hunters Discord!",
    "apps.contact": "联系我们",
    "apps.privacy": "隐私条款",
    "apps.developmentDiscord": "join our development server",
    "tooltip.notifications": "通知",
    "tooltip.settings": "设置",
    "tooltip.search": "搜索"
}