{
    "home.panel.body": "an in-depth look at your osu! profile",
    "home.yourProfile.title": "check out",
    "home.yourProfile.subtitle": "your <strong>profile</strong>",
    "home.recentlyViewed.title": "Recently Viewed",
    "home.mostViewed.title": "Most Viewed",
    "home.globalRankings.title": "Global Rankings",
    "profile.bar.user": "Profile",
    "profile.bar.user.new": "<strong>$1</strong>'s Profile",
    "profile.bar.user.new-s": "<strong>$1</strong>' Profile",
    "profile.info.joined": "<span class=\"light\">joined</span> $1",
    "profile.info.playsWith": "<span class=\"light\">plays with</span> $1",
    "profile.timeline.title": "Timeline",
    "profile.timeline.addEntry": "Add Entry",
    "profile.timeline.addEntry.placeholder": "something interesting happened...",
    "profile.goals.title": "Goals",
    "profile.goals.welcome.title": "Welcome to <strong>Goals</strong>",
    "profile.goals.welcome.body": "Goals is a way to keep track of your osu! goals, from medal counts, to pp goals, to even badges and rank! You can add a goal below. On the left is the goal type, and then to add the goal you can hit the plus button on the right!",
    "profile.goals.welcome.close": "This panel will close automatically when<br>you have added your first goal.",
    "profile.goals.input.placeholder": "Amount",
    "profile.goals.pp": "pp",
    "profile.goals.rank": "rank",
    "profile.goals.medals": "成就",
    "profile.goals.ssCount": "SS Count",
    "profile.goals.badges": "badges",
    "profile.goals.level": "level",
    "profile.goals.goal.title": "Reach <strong>$1</strong> in <strong>$2</strong>",
    "profile.goals.goal.subtitle": "$1 ($2%)",
    "profile.goals.goal.started": "started <strong>$1</strong>",
    "profile.goals.goalType": "Goal Type",
    "profile.stats.title": "Stats",
    "profile.stats.globalRank": "global rank",
    "profile.stats.countryRank": "country rank",
    "profile.stats.accuracy": "accuracy",
    "profile.stats.pp": "pp",
    "profile.stats.playtime": "play time",
    "profile.stats.plays": "plays",
    "profile.medals.title": "成就",
    "profile.medals.medals": "成就",
    "profile.medals.rank": "medal rank",
    "profile.medals.completion": "medal completion",
    "profile.medals.togo": "$1 medals to go",
    "profile.medals.until": "until",
    "profile.medals.rarest": "<strong>rarest</strong> medal",
    "profile.medals.onlyPercent": "only $1 have this medal!",
    "profile.medals.percentOfPlayers": "$1% of players",
    "profile.medals.history.new": "$1<br>new<br>medals",
    "profile.snapshots.title": "Versions uploaded <light>to Osekai Snapshots</light>",
    "profile.snapshots.uploadDate": "Uploaded to Snapshots <strong>$1</strong>",
    "profile.snapshots.uploadDateUnknown": "Upload date unknown",
    "loading": "Loading profile"
}