{
    "sidebar.search.placeholder": "搜索版本！",
    "sidebar.submission": "有一个很酷的版本？将它提交到 Osekai Snapshots！",
    "submit.title": "提交版本！",
    "submit.versionName.title": "版本名称",
    "submit.versionName.description": "你可以在大多数版本的设置菜单底部找到",
    "submit.versionName.placeholder": "例如 b20200905.1",
    "submit.versionFile.title": "版本文件",
    "submit.versionFile.description": "我们需要这个版本的ZIP文件。你可以通过 Google Drive 等服务上传。记得删除你的配置文件！",
    "submit.versionInfo.title": "版本信息",
    "submit.versionInfo.description": "向我们描述一下你的版本! 可以是简短或者很长的，由你来决定!",
    "submit.versionInfo.placeholder": "例如： 这个版本超级棒，有很多的新功能！",
    "submit.submit": "提交版本",
    "submit.warning.header": "请在提交版本前，确保你删除了所有的配置文件",
    "submit.warning.body": "这些配置文件可能包含了你的 osu! 登录信息，例如用户名和密码。请确保你移除了它们。",
    "submit.warning.confirm": "我已经移除了这些文件",
    "submit.warning.cancel": "我忘了！让我回去",
    "submit.warning.footer": "如果你意外提交了一个带配置文件的版本，请联系管理员来立刻移除它",
    "submit.success.header": "感谢您的提交！ 我们会尽快查看它！",
    "version.released": "发布于 $1",
    "version.archivedBy": "存档人： $1",
    "version.description.title": "简介",
    "version.downloads.title": "下载地址",
    "version.download.title": "下载",
    "version.download.recommended": "推荐",
    "version.download.from": "从 $1",
    "version.extraInfo.title": "额外信息",
    "version.warnings.title": "注意",
    "version.warnings.automaticallyUpdated.title": "自动更新",
    "version.warnings.automaticallyUpdated.description": "这个客户端原本被自动更新过。我们添加了一个 _staging 文件来避免它。",
    "version.warnings.requiresServer.title": "需要服务器连接",
    "version.warnings.requiresServer.description": "这个客户端无法在不连接到私服的情况下打开",
    "version.screenshots": "截图",
    "home.welcome": "欢迎来到 osu!archive! 的新家！",
    "home.welcome.description": "我们一直在为我们的新网站努力，并且迫不及待地想听听你的建议！",
    "home.welcome.title": "首页",
    "home.slogan": "提供 $1 个 从2007年至今的 osu! 版本！",
    "home.slogan.unloaded": "存档从2007年至今的 osu! 版本！"
}