{
    "title": "Besoin d'aide ou des idées ? Contactez-nous !",
    "header": "Nous sommes une petite équipe, et si vous voulez discuter de quelque chose, ou si vous avez besoin d'aide avec osekai, on serait ravis d'aider !",
    "body.p1": "La meilleure manière de nous contacter est de rejoindre le Discord osu! Medal Hunters.",
    "body.p2": "Un lien vers ce serveur est sur la page d'accueil et sur les menus déroulants en haut à gauche de la page.",
    "siteOwner": "Propriétaire du site : $1",
    "snapshots": "Si vous avez des problèmes sur Osekai Snapshots, merci de contacter Hubz à hubz@hubza.co.uk"
}