{
    "title": "Les donations ne sont jamais obligatoires, mais toujours appréciées :)",
    "body.p1": "Nous les utilisons pour couvrir les coûts de fonctionnement du site. Pour la transparence vous pouvez les coûts nécessaires pour le fonctionnement du site ci-dessous.",
    "body.p2": "Nous voulons fournir tous nous services gratuitement. Le seul 'avantage' que vous obtenez en donnant, c'est un petit ❤ sur votre pseudo lorsque vous commentez, et l'accès au canal discord lié au développement d'osekai, mais d'autres choses similaires peuvent être ajoutées dans le futur.",
    "body.p3": "La liste des top donateurs n'est pas mise à jour automatiquement. Mais ne vous en faites pas, nous la mettrons à jour dès que nous remarquerons !",
    "donate.title": "Faire un don !",
    "donate.header": "Envie de nous soutenir ? Faites-nous une donation !",
    "donate.body": "Gardez en mémoire que pour afficher votre pseudo, vous devez vous connecter !",
    "donate.paypal": "Faire un don avec PayPal",
    "donate.paysafecard": "Faire un don avec Paysafecard",
    "costs.title": "Coûts",
    "costs.covered": "coûts couverts : $1 / $2",
    "top.title": "Top Donateurs",
    "recent.title": "Dons les plus récents",
    "recent.message": "Message de donation"
}