{
    "medal": "médaille",
    "medals": "médailles",
    "club": "club",
    "date_released": "paru le $1",
    "date_added": "ajouté le $1",
    "date_updated": "mis à jour le $1",
    "date_posted": "posté le $1",
    "date_submitted": "soumis le",
    "date_last_played": "joué pour la dernière fois le $1",
    "submit": "Envoyer",
    "add": "Ajouter",
    "update": "Mettre à jour",
    "delete": "Supprimer",
    "cancel": "Annuler",
    "global": "Général",
    "saveChanges": "Sauvegarder",
    "remove": "Enlever",
    "close": "Fermer",
    "language.switch": "Changement de langue!",
    "locked.login": "Connectez-vous pour utiliser cette fonctionnalité !",
    "page.generatedIn": "Page générée en $1 secondes.",
    "ok": "Okay"
}