{
    "cover.subtitle": "la place pour les <strong>classements alternatifs</strong>, <strong>infos approfondies sur les profils</strong>, <strong>solutions de médailles</strong>, <strong>centaines de versions</strong>, et plus encore",
    "cover.madeFor": "fait pour la communauté d'osu! par <span>l'équipe <strong>osekai</strong></span>",
    "new": "nouveau !",
    "new.text": "sur <strong>osekai</strong>...",
    "new.introducing": "Introduction de notre nouvelle application :",
    "profiles.main": "Nous avons travaillé sur une nouvelle façon pour vous de voir et gérer votre profil osu! Nous avons trouvé de nouvelles fonctionnalités géniales telles que les objectifs, la timeline et bien plus encore. Après plus d'un an de développement, c'est enfin prêt. Allez découvrir votre profil !",
    "medals.main": "Le meilleur endroit pour trouver des solutions pour toutes les médailles d'osu!, les meilleures beatmaps à utiliser, et même pour discuter dans les commentaires !",
    "snapshots.main": "Découvrez les sensations de nostalgie des premières versions d'osu!, ou regardez certaines des versions les plus spéciales dans les nouveaux locaux des archives d'osu! !",
    "rankings.main": "Le seul endroit pour trouver des classements alternatifs pour les médailles, les beatmaps classées, et plus encore.",
    "badges.main": "Le meilleur endroit pour trouver presque tous les badges d'osu! avec leurs propriétaires.",
    "discord.title": "Rejoignez notre <strong>serveur Discord</strong>",
    "discord.text": "Découvrez la plus grande communauté de chasseurs de médailles osu! sur Discord, où se trouve également Osekai !",
    "support.title": "Soutenez-nous !",
    "support.text": "Nous ne sommes qu'une petite équipe, et en faisant un don vous nous aidez à maintenir les serveurs en fonction et à continuer le développement !",
    "faq": "FAQ",
    "faq.title": "Foire Aux Questions",
    "faq.welcome": "Bienvenue dans la FAQ d'Osekai !",
    "faq.welcome.intro": "Ici vous pouvez trouver des réponses aux questions les plus fréquemment posées à propos d'Osekai. Sélectionnez une question sur la barre latérale à votre gauche pour commencer.",
    "team.title": "L'équipe",
    "team.role.mulraf": "Chef de projet et développeur principal",
    "team.role.hubz": "Développeur et Designer principal",
    "team.role.electroyan": "Ingénieur des Données du Classement",
    "team.role.remyria": "Gestionnaire de la communauté",
    "team.role.generic.snapshotsManager": "Gestionnaire des Snapshots",
    "team.role.generic.snapshotsDeveloper": "Développeur des Snapshots",
    "harumachi.title": "Harumachi Cup Omega. La dernière.",
    "harumachi.text": "Le meilleur des pires tournois osu! reviens pour la dernière fois. Allez le voir !"
}