{
    "searchbar.placeholder": "rechercher une médaille",
    "searchbar.filters.tooltip": "Filtres de recherche",
    "searchbar.filters.title": "Options de filtrage",
    "searchbar.filters.unobtainedMedals": "Médailles non obtenues",
    "solution.title": "Solution",
    "beatmaps.title": "Beatmaps <p id=\"beatmap_count\" class=\"medals__bm-count\">0</p>",
    "beatmaps.note.add": "ajouter une remarque",
    "beatmaps.note.view": "voir la remarque",
    "beatmaps.note.title": "Remarque",
    "beatmap.by": "par",
    "beatmap.mappedBy": "mappée par",
    "beatmap.viewOnOsu": "Voir le beatmap pack sur <strong>osu.ppy.sh</strong>",
    "beatmap.downloadWithDirect": "télécharger avec <strong>osu!direct</strong>",
    "beatmap.report": "signaler cette beatmap",
    "beatmap.delete": "supprimer cette beatmap",
    "video.title": "Vidéo",
    "beatmaps.add": "Ajouter Beatmap",
    "beatmaps.add.title": "Ajouter une beatmap",
    "beatmaps.add.body": "Ajouter une beatmap pour la médaille $1",
    "beatmaps.add.p1": "Gardez à l'esprit que cette beatmap doit entraîner l'obtention de la médaille. Si ce n'est pas le cas, elle sera retirée de la liste.",
    "beatmaps.add.url.placeholder": "URL de la beatmap",
    "beatmaps.add.note.placeholder": "Remarque"
}