{
    "profile.viewOnOsekaiProfiles": "<light>voir le profil sur</light> osekai profiles",
    "profile.viewOnOsu": "<light>voir le profil sur</light> osu!",
    "profile.logOut": "se déconnecter",
    "profile.experimentalMode": "Vous êtes en mode expérimental. Il peut y avoir des bugs.",
    "profile.logIn": "se connecter <light>avec</light> osu!",
    "search.placeholder": "chercher quelque chose. n'importe quoi.",
    "search.noResults": "Aucun résultat trouvé",
    "settings.title": "paramètres du site",
    "settings.subtitle": "personnaliser votre expérience",
    "settings.global.title": "général",
    "settings.global.theme": "thème",
    "settings.global.theme.light": "thème clair",
    "settings.global.theme.dark": "thème sombre",
    "settings.global.theme.ultraDark": "thème ultra sombre",
    "settings.global.theme.coldDark": "thème sombre et froid",
    "settings.global.theme.system": "thème du système",
    "settings.global.language": "langue",
    "settings.profiles.title": "profils",
    "settings.profiles.showMedalsFromAllModes": "afficher les médailles de tous les modes",
    "notifications.title": "<strong>notifications</strong>",
    "apps.support": "soutenir osekai !",
    "apps.twitter": "allez voir osekai sur twitter!",
    "apps.discord": "rejoignez le serveur Discord !",
    "apps.contact": "nous contacter",
    "apps.privacy": "politique de confidentialité",
    "apps.developmentDiscord": "rejoignez notre serveur de développement",
    "tooltip.notifications": "Notifications",
    "tooltip.settings": "Paramètres",
    "tooltip.search": "Rechercher"
}