{
    "home.panel.body": "un aperçu détaillé de votre profil osu!",
    "home.yourProfile.title": "jetez un œil à",
    "home.yourProfile.subtitle": "votre <strong>profil</strong>",
    "home.recentlyViewed.title": "Consulté récemment",
    "home.mostViewed.title": "Les plus consultés",
    "home.globalRankings.title": "Classement Global",
    "profile.bar.user": "Profil",
    "profile.bar.user.new": "Profil de <strong>$1</strong>",
    "profile.bar.user.new-s": "Profil de <strong>$1</strong>",
    "profile.info.joined": "<span class=\"light\">ici depuis</span> $1",
    "profile.info.playsWith": "<span class=\"light\">joue avec</span> $1",
    "profile.timeline.title": "Timeline",
    "profile.timeline.addEntry": "Ajouter une entrée",
    "profile.timeline.addEntry.placeholder": "quelque chose d'intéressant s'est produit...",
    "profile.goals.title": "Objectifs",
    "profile.goals.welcome.title": "Bienvenue sur <strong>Objectifs</strong>",
    "profile.goals.welcome.body": "Les objectifs sont un moyen de garder une trace de vos buts sur osu!, du nombre de médailles aux quantités de pp, aux badges et aux classements ! Vous pouvez ajouter un objectif ci-dessous. Sur la gauche se trouve le type de but, puis pour ajouter le but, vous pouvez appuyer sur le bouton + à droite!",
    "profile.goals.welcome.close": "Ce panneau se fermera automatiquement lorsque<br>vous aurez ajouté votre premier objectif.",
    "profile.goals.input.placeholder": "Quantité",
    "profile.goals.pp": "pp",
    "profile.goals.rank": "classement",
    "profile.goals.medals": "médailles",
    "profile.goals.ssCount": "Nombre de SS",
    "profile.goals.badges": "badges",
    "profile.goals.level": "niveau",
    "profile.goals.goal.title": "Atteindre <strong>$1</strong> en <strong>$2</strong>",
    "profile.goals.goal.subtitle": "$1 ($2%)",
    "profile.goals.goal.started": "commencé <strong>$1</strong>",
    "profile.goals.goalType": "Type d'Objectif",
    "profile.stats.title": "Statistiques",
    "profile.stats.globalRank": "classement général",
    "profile.stats.countryRank": "classement au pays",
    "profile.stats.accuracy": "précision",
    "profile.stats.pp": "pp",
    "profile.stats.playtime": "temps de jeu",
    "profile.stats.plays": "parties",
    "profile.medals.title": "Médailles",
    "profile.medals.medals": "médailles",
    "profile.medals.rank": "classement des médailles",
    "profile.medals.completion": "complétion des médailles",
    "profile.medals.togo": "encore $1 médailles",
    "profile.medals.until": "avant",
    "profile.medals.rarest": "médaille <strong>la plus rare</strong>",
    "profile.medals.onlyPercent": "seulement $1 ont cette médaille !",
    "profile.medals.percentOfPlayers": "$1% des joueurs",
    "profile.medals.history.new": "$1<br>nouvelles<br>médailles",
    "profile.snapshots.title": "Versions mises en ligne <light>sur Osekai Snapshots</light>",
    "profile.snapshots.uploadDate": "Mis en ligne sur Snapshots le <strong>$1</strong>",
    "profile.snapshots.uploadDateUnknown": "Date d'upload inconnue",
    "loading": "Chargement du profil"
}