{
    "home.addUser.title": "Ajouter un utilisateur !",
    "home.addUser.loggedIn": "Parce que vous êtes connecté, vous avez déjà été ajouté ! Vous serez traité dans la prochaine boucle.",
    "home.addUser.loggedOut": "Pour vous ajouter aux classements Osekai, connectez-vous simplement avec votre compte osu!. Cliquez sur le bouton en haut à droite pour le faire.",
    "home.addUser.addAnotherUser.title": "Ajouter un autre utilisateur",
    "home.addUser.addAnotherUser.loggedOut": "Veuillez vous connecter pour ajouter un utilisateur.",
    "home.addUser.addAnotherUser.placeholder": "ID de l'utilisateur",
    "home.addUser.addAnotherUser.button": "Ajouter",
    "general.medals.title": "Médailles",
    "general.allmode.title": "Tous les modes",
    "general.mappers.title": "Mappeurs",
    "general.badges.title": "Badges",
    "general.medals.users": "Utilisateurs",
    "general.medals.rarity": "Rareté",
    "general.allmode.replays": "Replays",
    "general.allmode.standardDeviation": "Écart type",
    "general.allmode.total": "Total des pp",
    "general.mappers.ranked": "Mapsets classés",
    "general.mappers.loved": "Mapsets Loved",
    "general.mappers.subscribers": "Abonnés",
    "general.badges.badges": "Badges",
    "general.medals.users.subheader": "un classement des utilisateurs, triés par leur nombre de médailles !",
    "general.medals.rarity.subheader": "vous êtes-vous déjà demandé à quel point chaque médaille est rare ? Découvrez-le ici !",
    "general.allmode.replays.subheader": "utilisateurs triés par leur nombre de replays regardés !",
    "general.allmode.standardDeviation.subheader": "utilisateurs triés par leur SPP!",
    "general.allmode.total.subheader": "utilisateurs triés par leur pp combinés sur tous les modes!",
    "general.mappers.ranked.subheader": "découvrez qui est le meilleur mappeur classé!",
    "general.mappers.loved.subheader": "découvrez qui est le meilleur mappeur loved!",
    "general.mappers.subscribers.subheader": "découvrez qui a le plus d'abonnés !",
    "general.badges.badges.subheader": "badges",
    "bar.general.with": "avec",
    "bar.medals.users.rarestMedal": "médaille la plus rare",
    "bar.medals.users.medalCompletion": "complétion de la <span class='light'>médaille</span>",
    "bar.medals.rarity.heldBy": "obtenue par",
    "bar.medals.rarity.only": "seulement",
    "bar.allmode.standardDeviation.standardDeviationPP": "standard deviated pp",
    "bar.allmode.standardDeviation.totalPP": "pp totaux",
    "bar.allmode.standardDeviation.replaysWatched": "replays regardés",
    "bar.mappers.ranked.rankedMaps": "maps classées",
    "bar.mappers.loved.lovedMaps": "maps loved",
    "bar.mappers.subscribers.subscribers": "abonnés",
    "bar.badges.badges.badges": "badges",
    "pagination.previous": "précédent",
    "pagination.next": "suivant",
    "search.username": "Pseudo",
    "search.userID": "ID utilisateur",
    "search.country": "Pays",
    "search.rarestMedal": "Médaille la plus rare",
    "search.mode": "Mode",
    "search.group": "Groupe",
    "search.placeholder": "rechercher ici !"
}