{
    "sidebar.search.placeholder": "rechercher une version",
    "sidebar.submission": "Vous avez une version cool ? Soumettez-la à Osekai Snapshots !",
    "submit.title": "Soumettre une version !",
    "submit.versionName.title": "Nom de version",
    "submit.versionName.description": "Vous pouvez le trouver en bas du menu des options sur la plupart des versions.",
    "submit.versionName.placeholder": "exemple: b20200905.1",
    "submit.versionFile.title": "Fichier de version",
    "submit.versionFile.description": "Nous avons besoin d'un ZIP de la version. Vous pouvez en envoyer un en utilisant un service de téléchargement tel que Google Drive. N'oubliez pas de supprimer vos configurations!",
    "submit.versionInfo.title": "Info supplémentaire",
    "submit.versionInfo.description": "Dites-nous en davantage sur votre version ! Cela peut être court ou long, c'est votre choix !",
    "submit.versionInfo.placeholder": "exemple: Cette version est super sylée et a plein de nouvelles fonctionnalités !",
    "submit.submit": "Envoyer",
    "submit.warning.header": "Avant de soumettre cette version, assurez-vous d'avoir supprimé tous les fichiers de configuration.",
    "submit.warning.body": "Ces fichiers de configuration peuvent contenir vos identifiants de connexion osu! tels que le nom d'utilisateur et le mot de passe. Veuillez vous assurer que vous les avez supprimés.",
    "submit.warning.confirm": "J'ai enlevé ces fichiers.",
    "submit.warning.cancel": "J'ai oublié ! Annuler l'envoi.",
    "submit.warning.footer": "Si vous soumettez accidentellement une version avec un fichier de configuration, veuillez contacter un administrateur pour la supprimer immédiatement.",
    "submit.success.header": "Merci pour votre soumission ! Nous allons l'examiner dès que possible !",
    "version.released": "paru le $1",
    "version.archivedBy": "archivé par $1",
    "version.description.title": "Description",
    "version.downloads.title": "Téléchargements",
    "version.download.title": "téléchargement",
    "version.download.recommended": "recommandé",
    "version.download.from": "depuis $1",
    "version.extraInfo.title": "Information supplémentaire",
    "version.warnings.title": "Avertissements",
    "version.warnings.automaticallyUpdated.title": "Mise à jour automatique",
    "version.warnings.automaticallyUpdated.description": "Ce client se mettait à jour automatiquement. Nous avons appliqué un fichier _staging pour l'empêcher.",
    "version.warnings.requiresServer.title": "Nécessite un serveur",
    "version.warnings.requiresServer.description": "Ce client ne peut pas être ouvert sans se connecter à un serveur privé.",
    "version.screenshots": "Captures d'écran",
    "home.welcome": "Bienvenue sur la nouvelle page d'accueil d'osu!archive !",
    "home.welcome.description": "nous avons travaillé dur sur notre nouveau site, et on est pressés d'avoir vos avis !",
    "home.welcome.title": "Page d'accueil",
    "home.slogan": "contient $1 versions d'osu! de 2007 à aujourd'hui !",
    "home.slogan.unloaded": "archivage des versions d'osu! de 2007 à aujourd'hui !"
}