{
    "badges.title": "Značke ($1)",
    "sort.awardedAt.asc": "Nagrađen na (uzlazni)",
    "sort.awardedAt.desc": "Nagrađen na (silazni)",
    "sort.name.asc": "Ime (a-z)",
    "sort.name.desc": "Ime (a-z)",
    "sort.playerCount.asc": "Broj igrača (uzlazni)",
    "sort.playerCount.desc": "Broj igrača (silazni)",
    "search.placeholder": "potražite za značku!",
    "badge.firstAchieved": "prvi put postignut <strong>$1</strong>",
    "badge.ownedBy": "u vlasništvu <strong>$1</strong> igrači",
    "badge.ownedBySingular": "u vlasništvu <strong>$1</strong> igrača",
    "badge.popup.playersWhoHave": "<strong>igrači</strong> koji imaju ovu značku",
    "badge.popup.1xVariant": "<strong>@1x</strong><br>varijanta",
    "paused": "Obrada za Osekai značke trenutno je pauzirana. Samo značke prije $1 će biti prikazane.",
    "viewtype.grid": "Mreža",
    "viewtype.compactList": "Sažeti popis",
    "viewtype.list": "Popis",
    "viewtype.ultraCompact": "Ultra kompaktan"
}