{
    "title": "Trebate pomoć ili imate neku ideju? Kontaktirajte nas!",
    "header": "Mi smo mali tim i ako imate nešto o čemu biste željeli razgovarati ili bilo što oko čega vam treba pomoć u osekaiju, rado ćemo vam pomoći!",
    "body.p1": "Najbolji način da nas kontaktirate je da se pridružite osu! Medal Hunters Discord.",
    "body.p2": "Veza na ovaj poslužitelj nalazi se na početnoj stranici i u padajućem izborniku aplikacija u gornjem lijevom dijelu stranice.",
    "siteOwner": "Vlasnik stranice: $1",
    "snapshots": "Za bilo kakve probleme ili zahtjeve u vezi s Osekai Snapshots, molimo kontaktirajte Hubz na hubz@hubza.co.uk"
}