{
    "medal": "medalja",
    "medals": "medalje",
    "club": "klub",
    "date_released": "pušten $1",
    "date_added": "dodan $1",
    "date_updated": "ažurirano $1",
    "date_posted": "objavljeno $1",
    "date_submitted": "podnio",
    "date_last_played": "zadnje odigrano $1",
    "submit": "Podnijeti",
    "add": "Dodati",
    "update": "Ažurirati",
    "delete": "Izbrisati",
    "cancel": "Otkazati",
    "global": "Globalno",
    "saveChanges": "Spremi promjene",
    "remove": "Ukloni",
    "close": "Zatvori",
    "language.switch": "Promjena jezika!",
    "locked.login": "Prijavite se za korištenje ove značajke!",
    "page.generatedIn": "Stranica generirana u $1 sekundi.",
    "ok": "Okay"
}