{
    "cover.subtitle": "dom <strong>alternativnih ljestvica</strong>, <strong>dubinske informacije o profilu</strong>, <strong>rješenja za medalje</strong>, <strong>stotine verzija</strong> i još mnogo toga",
    "cover.madeFor": "napravljeno za osu! zajednica <span><strong>osekai</strong> tima</span>",
    "new": "novo!",
    "new.text": "u <strong>osekai</strong>...",
    "new.introducing": "Predstavljamo našu novu aplikaciju:",
    "profiles.main": "Radili smo na novom načinu na koji možete vidjeti i upravljati svojim osu! profil. Došli smo do sjajnih novih značajki, kao što su ciljevi, vremenska traka i još mnogo toga. I nakon više od godinu dana razvoja, to je konačno učinjeno. Provjerite!",
    "medals.main": "Najbolje mjesto za pronalaženje rješenja za sve osu! medalje, najbolje beatmape za korištenje, pa čak i razgovarajte u komentarima!",
    "snapshots.main": "Doživite nostalgične osjećaje ranih osu! izdanja ili pogledajte neke od posebnih verzija na novom domu osu!archive!",
    "rankings.main": "Jedino mjesto za pronalazak alternativne osu! ljestvice za medalje, rangirane karte i još mnogo toga.",
    "badges.main": "Najbolje mjesto za pronalaženje gotovo svake značke u osu!, zajedno s njihovim vlasnicima.",
    "discord.title": "Pridružite se <strong>osu! medal hunters</strong> Discord!",
    "discord.text": "Pogledajte najveće osu! zajednice lovaca na medalje na Discordu, gdje Osekai također živi!",
    "support.title": "Podržite nas!",
    "support.text": "Mi smo samo mali tim, a vašom donacijom pomozite nam da poslužitelji rade i razvijaju se!",
    "faq": "Pitanja",
    "faq.title": "Često Postavljana Pitanja",
    "faq.welcome": "Dobrodošli u Osekai FAQ!",
    "faq.welcome.intro": "Ovdje možete pronaći odgovore na uobičajena pitanja o Osekaiju. Odaberite pitanje na bočnoj traci s lijeve strane da biste započeli.",
    "team.title": "Tim",
    "team.role.mulraf": "Voditelj Projekta i Glavni Programer",
    "team.role.hubz": "Programer i Glavni Dizajner",
    "team.role.electroyan": "Inženjer Podataka Ljestvice",
    "team.role.remyria": "Upravitelj Zajednice",
    "team.role.generic.snapshotsManager": "Upravitelj Snapshotova",
    "team.role.generic.snapshotsDeveloper": "Snapshots Developer",
    "harumachi.title": "Harumachi Cup Omega. Konačan.",
    "harumachi.text": "NajboljI najgori osu! turnir se vraća posljednji put. Provjerite!"
}