{
    "searchbar.placeholder": "potražite za medalju",
    "searchbar.filters.tooltip": "Filtri Pretraživanja",
    "searchbar.filters.title": "Opcije Filtriranja",
    "searchbar.filters.unobtainedMedals": "Neosvojene Medalje",
    "solution.title": "Riješenje",
    "beatmaps.title": "Beatmape <p id=\"beatmap_count\" class=\"medals__bm-count\">0</p>",
    "beatmaps.note.add": "dodaj bilješku",
    "beatmaps.note.view": "pogledaj bilješku",
    "beatmaps.note.title": "Bilješka",
    "beatmap.by": "po",
    "beatmap.mappedBy": "mapirano od strane",
    "beatmap.viewOnOsu": "Pogledajte paket beatmapa na <strong>osu.ppy.sh</strong>",
    "beatmap.downloadWithDirect": "preuzmite s<strong> osu!direct</strong>",
    "beatmap.report": "prijavi ovaj beatmap",
    "beatmap.delete": "izbrišite ovu beatmapu",
    "video.title": "Video",
    "beatmaps.add": "Dodajte Beatmapu",
    "beatmaps.add.title": "Add a beatmapu",
    "beatmaps.add.body": "Dodajte beatmap na medalju $1",
    "beatmaps.add.p1": "Imajte na umu da ovaj beatmap mora rezultirati primanjem medalje. Ako to ne učini, bit će uklonjena s popisa.",
    "beatmaps.add.url.placeholder": "URL beatmape",
    "beatmaps.add.note.placeholder": "Bilješka"
}