{
    "profile.viewOnOsekaiProfiles": "<light>pogledaj profil na</light> osekai profilima",
    "profile.viewOnOsu": "<light>pogledaj profil na</light> osu!",
    "profile.logOut": "odjavite se",
    "profile.experimentalMode": "Trenutno ste u eksperimentalnom načinu rada. Stvari se mogu slomiti.",
    "profile.logIn": "prijavite se <light>sa</light> osu!",
    "search.placeholder": "tražiti nešto. bilo što.",
    "search.noResults": "Nema rezultata",
    "settings.title": "<strong>osekai</strong> postavke",
    "settings.subtitle": "učini osekai svojim",
    "settings.global.title": "globalno",
    "settings.global.theme": "tema",
    "settings.global.theme.light": "svijetla tema",
    "settings.global.theme.dark": "mračna tema",
    "settings.global.theme.ultraDark": "ultra mračna tema",
    "settings.global.theme.coldDark": "hladna mračna tema",
    "settings.global.theme.system": "tema sustava",
    "settings.global.language": "jezik",
    "settings.profiles.title": "profili",
    "settings.profiles.showMedalsFromAllModes": "pokaži medalje iz svih načina",
    "notifications.title": "<strong>obavijesti</strong>",
    "apps.support": "podrži osekai!",
    "apps.twitter": "pogledajte osekai na twitteru!",
    "apps.discord": "pridruži se osu! Medal Hunters Discord!",
    "apps.contact": "kontaktirajte nas",
    "apps.privacy": "politika privatnosti",
    "apps.developmentDiscord": "join our development server",
    "tooltip.notifications": "Obavijesti",
    "tooltip.settings": "Postavke",
    "tooltip.search": "Traži"
}