{
    "home.panel.body": "dubinski pogled na vaše osu! profil",
    "home.yourProfile.title": "provjeri",
    "home.yourProfile.subtitle": "vaš <strong>profil</strong>",
    "home.recentlyViewed.title": "Nedavno Pogledano",
    "home.mostViewed.title": "Nagledanije",
    "home.globalRankings.title": "Globalna Rang Lista",
    "profile.bar.user": "Profil",
    "profile.bar.user.new": "Profil korisnika <strong>$1</strong>",
    "profile.bar.user.new-s": "Profil <strong>$1</strong>'",
    "profile.info.joined": "<span class=\"light\">pridružio se</span> $1",
    "profile.info.playsWith": "<span class=\"light\">igra s</span> $1",
    "profile.timeline.title": "Vremenska Crta",
    "profile.timeline.addEntry": "Dodaj Unos",
    "profile.timeline.addEntry.placeholder": "dogodilo se nešto zanimljivo...",
    "profile.goals.title": "Ciljevi",
    "profile.goals.welcome.title": "Dobro došli u <strong>Ciljeve</strong>",
    "profile.goals.welcome.body": "Ciljevi su način da pratite svoje osu! golove, od broja medalja, do pp golova, do čak i značaka i ranga! U nastavku možete dodati cilj. Na lijevoj strani je tip gola, a zatim za dodavanje gola možete pritisnuti gumb plus na desnoj strani!",
    "profile.goals.welcome.close": "Ova ploča će se automatski zatvoriti kada<br>dodate svoj prvi cilj.",
    "profile.goals.input.placeholder": "Iznos",
    "profile.goals.pp": "pp",
    "profile.goals.rank": "rang",
    "profile.goals.medals": "medalje",
    "profile.goals.ssCount": "SS grof",
    "profile.goals.badges": "značke",
    "profile.goals.level": "razina",
    "profile.goals.goal.title": "Dosegnite <strong>$1</strong> u <strong>$2</strong>",
    "profile.goals.goal.subtitle": "$1 ($2%)",
    "profile.goals.goal.started": "započeo je <strong>$1</strong>",
    "profile.goals.goalType": "Vrsta Cilja",
    "profile.stats.title": "Statistike",
    "profile.stats.globalRank": "globalni rang",
    "profile.stats.countryRank": "rang u zemlji",
    "profile.stats.accuracy": "točnost",
    "profile.stats.pp": "pp",
    "profile.stats.playtime": "vrijeme igranja",
    "profile.stats.plays": "odigraji",
    "profile.medals.title": "Medalje",
    "profile.medals.medals": "medalje",
    "profile.medals.rank": "rang medalja",
    "profile.medals.completion": "završetak medalja",
    "profile.medals.togo": "$1 medalja za ići",
    "profile.medals.until": "do",
    "profile.medals.rarest": "<strong>najrjeđa</strong> medalja",
    "profile.medals.onlyPercent": "samo $1 ima ovu medalju!",
    "profile.medals.percentOfPlayers": "1% igrača",
    "profile.medals.history.new": "1 $<br>nove<br>medalje",
    "profile.snapshots.title": "Verzije prenesene <light>u Osekai Snapshots</light>",
    "profile.snapshots.uploadDate": "Preneseno u Snapshote <strong>$1</strong>",
    "profile.snapshots.uploadDateUnknown": "Datum učitavanja nepoznat",
    "loading": "Učitavanje profila"
}