{
    "home.addUser.title": "Dodajte korisnika!",
    "home.addUser.loggedIn": "Budući da ste prijavljeni, već ste dodani! Bit ćete obrađeni u sljedećoj petlji.",
    "home.addUser.loggedOut": "Da biste se dodali na Osekai ljestvicu, jednostavno se prijavite sa svojim osu! računom. Da biste to učinili, kliknite gumb u gornjem desnom kutu.",
    "home.addUser.addAnotherUser.title": "Dodajte drugog korisnika",
    "home.addUser.addAnotherUser.loggedOut": "Molimo prijavite se da dodate korisnika.",
    "home.addUser.addAnotherUser.placeholder": "ID korisnika",
    "home.addUser.addAnotherUser.button": "Dodaj",
    "general.medals.title": "Medalje",
    "general.allmode.title": "Svi načini",
    "general.mappers.title": "Mapperi",
    "general.badges.title": "Značke",
    "general.medals.users": "Korisnici",
    "general.medals.rarity": "Rijetkost",
    "general.allmode.replays": "Reprize",
    "general.allmode.standardDeviation": "Standardna Devijacija",
    "general.allmode.total": "Ukupni pp",
    "general.mappers.ranked": "Rangirani Mapsetovi",
    "general.mappers.loved": "Voljeni Mapsetovi",
    "general.mappers.subscribers": "Pretplatnici",
    "general.badges.badges": "Značke",
    "general.medals.users.subheader": "ploča s najboljim korisnicima, razvrstani prema količini medalja!",
    "general.medals.rarity.subheader": "jeste li se ikada zapitali koliko je rijetka svaka medalja? saznajte ovdje!",
    "general.allmode.replays.subheader": "korisnici poredani prema broju njihovih pregledanih repriza!",
    "general.allmode.standardDeviation.subheader": "korisnici poredani po standardnoj devijaciji pp-a!",
    "general.allmode.total.subheader": "korisnici razvrstani po pp-u u kombinaciji u svim načinima!",
    "general.mappers.ranked.subheader": "saznajte tko je najbolje rangirani mapper!",
    "general.mappers.loved.subheader": "saznajte tko je najomiljeniji mapper!",
    "general.mappers.subscribers.subheader": "saznajte tko je najviše pretplaćeni korisnik!",
    "general.badges.badges.subheader": "značke",
    "bar.general.with": "s",
    "bar.medals.users.rarestMedal": "najrjeđa medalja",
    "bar.medals.users.medalCompletion": "<span class='light'>medalja</span> završetak",
    "bar.medals.rarity.heldBy": "koje drži",
    "bar.medals.rarity.only": "samo",
    "bar.allmode.standardDeviation.standardDeviationPP": "standardno devijiran pp",
    "bar.allmode.standardDeviation.totalPP": "ukupan pp",
    "bar.allmode.standardDeviation.replaysWatched": "gledane reprize",
    "bar.mappers.ranked.rankedMaps": "rangirane mape",
    "bar.mappers.loved.lovedMaps": "voljene mape",
    "bar.mappers.subscribers.subscribers": "pretplatnici",
    "bar.badges.badges.badges": "značke",
    "pagination.previous": "prethodno",
    "pagination.next": "sljedeće",
    "search.username": "Korisničko ime",
    "search.userID": "ID korisnika",
    "search.country": "Zemlja",
    "search.rarestMedal": "Najrjeđa medalja",
    "search.mode": "Način igranja",
    "search.group": "Skupina",
    "search.placeholder": "traži ovdje!"
}