{
    "sidebar.search.placeholder": "potražite verziju",
    "sidebar.submission": "Imate cool verziju? Pošaljite ju na Osekai Snapshots!",
    "submit.title": "Pošaljite verziju!",
    "submit.versionName.title": "Naziv verzije",
    "submit.versionName.description": "To možete pronaći na dnu izbornika opcija na većini verzija.",
    "submit.versionName.placeholder": "npr. b20200905.1",
    "submit.versionFile.title": "Datoteka verzije",
    "submit.versionFile.description": "Trebamo ZIP verzije. Možete ga prenijeti pomoću usluge za prijenos kao što je Google Drive. Ne zaboravite izbrisati svoje konfiguracije!",
    "submit.versionInfo.title": "Informacije o verziji",
    "submit.versionInfo.description": "Recite nam samo nešto o svojoj verziji! Ovo može biti kratko ili dugo, vaš izbor!",
    "submit.versionInfo.placeholder": "npr. Ova verzija je super i dolazi s gomilom novih značajki!",
    "submit.submit": "Pošalji verziju",
    "submit.warning.header": "Prije nego što pošaljete ovu verziju, provjerite jeste li izbrisali sve konfiguracijske datoteke.",
    "submit.warning.body": "Ove konfiguracijske datoteke mogu sadržavati vaše osu! podatke za prijavu, kao što su korisničko ime i lozinka. Provjerite jeste li ih uklonili.",
    "submit.warning.confirm": "Uklonio sam ove datoteke.",
    "submit.warning.cancel": "Zaboravio sam! Pusti me da se vratim.",
    "submit.warning.footer": "Ako slučajno pošaljete verziju s konfiguracijskom datotekom, kontaktirajte administratora da je odmah ukloni.",
    "submit.success.header": "Hvala vam što ste poslali! Provjerit ćemo što prije!",
    "version.released": "pušten $1",
    "version.archivedBy": "arhivirao $1",
    "version.description.title": "Opis",
    "version.downloads.title": "Preuzimanja",
    "version.download.title": "preuzimanje datoteka",
    "version.download.recommended": "preporučeno",
    "version.download.from": "od $1",
    "version.extraInfo.title": "Dodatne informacije",
    "version.warnings.title": "Upozorenja",
    "version.warnings.automaticallyUpdated.title": "Automatski ažurirano",
    "version.warnings.automaticallyUpdated.description": "Ovaj se klijent izvorno automatski ažurirao. Primijenili smo datoteku _staging da to spriječimo.",
    "version.warnings.requiresServer.title": "Zahtijeva poslužitelj",
    "version.warnings.requiresServer.description": "Ovaj klijent se ne može otvoriti bez povezivanja na privatni poslužitelj.",
    "version.screenshots": "Snimke zaslona",
    "home.welcome": "Dobrodošli u novi dom osu!arhive!",
    "home.welcome.description": "naporno smo radili na našoj novoj stranici i jedva čekamo čuti što mislite!",
    "home.welcome.title": "Početna stranica",
    "home.slogan": "posluživanje $1 osu! verzije od 2007. do danas!",
    "home.slogan.unloaded": "arhiviranje osu! verzije od 2007. do danas!"
}