{
    "title": "Yardıma ihtiyacın veya bir fikrin mi var? Bizimle iletişime geç!",
    "header": "Biz küçük bir ekibiz, bizimle tartışmak istediğiniz herhangi bir şey, veya osekai içinde yardıma ihtiyacınız varsa, yardımcı olmaktan mutluluk duyarız!",
    "body.p1": "Bizimle iletişime geçmenin en iyi yolu osu! Medal Hunters Discord sunucusuna katılmanızdır.",
    "body.p2": "Bu sunucunun bağlantısını ana sayfada veya sol üstte yer alan aşağı açılır menüde bulabilirsiniz.",
    "siteOwner": "Site Sahibi: $1",
    "snapshots": "Osekai Snapshots ile ilgili her türlü sorun veya istekleriniz için lütfen hubz@hubza.co.uk adresinden Hubz ile iletişime geçin"
}