{
    "medal": "madalya",
    "medals": "madalyalar",
    "club": "kulüp",
    "date_released": "$1 tarihinde yayınlandı",
    "date_added": "$1 tarihinde eklendi",
    "date_updated": "$1 tarihinde güncellendi",
    "date_posted": "$1 tarihinde gönderildi",
    "date_submitted": "gönderildi",
    "date_last_played": "en son $1 tarihinde oynandı",
    "submit": "Gönder",
    "add": "Ekle",
    "update": "Güncelle",
    "delete": "Sil",
    "cancel": "İptal Et",
    "global": "Küresel",
    "saveChanges": "Değişiklikleri Kaydet",
    "remove": "Kaldır",
    "close": "Kapat",
    "language.switch": "Dil değiştiriliyor!",
    "locked.login": "Bu özelliği kullanmak için giriş yapın!",
    "page.generatedIn": "Sayfa $1 içinde oluşturuldu.",
    "ok": "Okay"
}