{
    "cover.subtitle": "<strong>alternatif sıralamaların</strong>, <strong>ayrıntılı profil bilgisinin</strong>, <strong>madalya çözümlerinin</strong>, <strong>yüzlerce sürümün</strong>, ve daha fazlasının merkezi",
    "cover.madeFor": "<span><strong>osekai</strong> team</span> tarafından osu! topluluğu için yapıldı",
    "new": "yeni!",
    "new.text": "<strong>osekai'de</strong>...",
    "new.introducing": "Yeni programımızla tanışın:",
    "profiles.main": "osu! profilinizi görüntelemeniz ve yönetmeniz için yeni bir yöntem üzerinde çalışıyorduk. Goals, Timeline, ve bunlar gibi muhteşem özellikler ekledik. Bir yıldan fazla süren geliştirme sürecinden sonra, sonunda başardık. Bir göz gezdir istersen!",
    "medals.main": "osu! madalyalarının çözümlerini bulmak için en iyi yer, madalyaları elde etmek için hangi beatmapleri kullanmanız gerektiğini öğrenin ve yorumlarda tartışın!",
    "snapshots.main": "Eski osu! sürümlerinin nostaljisini yaşayın, veya osu!arşivin yeni evinden daha özel sürümlere göz atın!",
    "rankings.main": "Madalyalar, dereceli haritalar ve daha fazlası için alternatif osu! sıralamalarını bulabileceğiniz tek yer.",
    "badges.main": "Sahipleri ile beraber osu!'daki neredeyse tüm rozetleri bulmanın en iyi yeri.",
    "discord.title": "<strong>osu! medal hunters</strong> Discord sunucusuna katılın!",
    "discord.text": "Osekai'nin de bulunduğu, Discord'daki en büyük osu! madalya avcılığı topluluğuna göz atın!",
    "support.title": "Bize destek olun!",
    "support.text": "Biz küçük bir ekibiz, bize bağış yaparak sunucuları açık tutmamıza ve geliştirmemize yardımcı olursunuz!",
    "faq": "S.S.S",
    "faq.title": "Sıkça Sorulan Sorular",
    "faq.welcome": "Osekai S.S.S'ine hoş geldiniz!",
    "faq.welcome.intro": "Burada Osekai hakkında sık sorulan soruların cevaplarını bulabilirsiniz. Başlamak için yan tarafından herhangi bir soru seç.",
    "team.title": "Ekibimiz",
    "team.role.mulraf": "Proje Lideri & Baş Geliştirici",
    "team.role.hubz": "Geliştirici & Baş Tasarımcı",
    "team.role.electroyan": "Sıralama Veri Uzmanı",
    "team.role.remyria": "Topluluk Yöneticisi",
    "team.role.generic.snapshotsManager": "Snapshots Yöneticisi",
    "team.role.generic.snapshotsDeveloper": "Snapshots Geliştiricisi",
    "harumachi.title": "Harumachi Kupası Omega. Sonuncusu.",
    "harumachi.text": "En iyi en kötü osu! turnuvası son defa olmak üzere geri dönüyor. Bir göz at!"
}