{
    "searchbar.placeholder": "bir madalya ara",
    "searchbar.filters.tooltip": "Arama Filtreleri",
    "searchbar.filters.title": "Filtre seçenekleri",
    "searchbar.filters.unobtainedMedals": "Elde edilmemiş madalyalar",
    "solution.title": "Çözümü",
    "beatmaps.title": "Beatmapler <p id=\"beatmap_count\" class=\"medals__bm-count\">0</p>",
    "beatmaps.note.add": "bir not ekle",
    "beatmaps.note.view": "notu görüntüle",
    "beatmaps.note.title": "Not",
    "beatmap.by": "tarafından",
    "beatmap.mappedBy": "yapan kişi",
    "beatmap.viewOnOsu": "Beatmap paketini <strong>osu.ppy.sh</strong>'de görüntüleyebilirsiniz",
    "beatmap.downloadWithDirect": "<strong>osu!direct</strong> ile indir",
    "beatmap.report": "bu beatmap'i bildir",
    "beatmap.delete": "bu beatmap'i sil",
    "video.title": "Video",
    "beatmaps.add": "Beatmap Ekle",
    "beatmaps.add.title": "Bir beatmap ekle",
    "beatmaps.add.body": "$1 madalyasına bir beatmap ekle",
    "beatmaps.add.p1": "Bu beatmap'in madalyı almanızla sonuçlanması gerektiğini unutmayın. eğer sonuçlanmazsa listeden kaldırılacaktır.",
    "beatmaps.add.url.placeholder": "Beatmap URL'si",
    "beatmaps.add.note.placeholder": "Not"
}