{
    "profile.viewOnOsekaiProfiles": "<light>profiline</light> osekai profillerinde <light>bir bak</light>",
    "profile.viewOnOsu": "<light>profiline</light> osu!da<light>bir bak</light>",
    "profile.logOut": "oturumu kapat",
    "profile.experimentalMode": "Şu anda Deneysel Moddasınız. Bir şeyler kırılabilir.",
    "profile.logIn": "osu! <light>ile</light> giriş yapın",
    "search.placeholder": "bir şey arayın. herhangi bir şey.",
    "search.noResults": "Sonuç bulunamadı",
    "settings.title": "<strong>osekai</strong> ayarları",
    "settings.subtitle": "osekai'yi senin yap",
    "settings.global.title": "küresel",
    "settings.global.theme": "tema",
    "settings.global.theme.light": "aydınlık tema",
    "settings.global.theme.dark": "karanlık tema",
    "settings.global.theme.ultraDark": "ultra karanlık tema",
    "settings.global.theme.coldDark": "soğuk karanlık tema",
    "settings.global.theme.system": "sistem teması",
    "settings.global.language": "dil",
    "settings.profiles.title": "profiller",
    "settings.profiles.showMedalsFromAllModes": "tüm modlardan madalya göster",
    "notifications.title": "<strong>bildirimler</strong>",
    "apps.support": "osekai'ye destek ol!",
    "apps.twitter": "twitter'da osekai'ye bir bak!",
    "apps.discord": "osu! Medal Hunters Discord sunucusuna katıl!",
    "apps.contact": "bizimle iletişime geç",
    "apps.privacy": "gizlilik politikası",
    "apps.developmentDiscord": "geliştirme sunucumuza katılın",
    "tooltip.notifications": "Bildirimler",
    "tooltip.settings": "Ayarlar",
    "tooltip.search": "Ara"
}