{
    "home.panel.body": "osu! profilinize derinlemesine bir bakış",
    "home.yourProfile.title": "göz atın",
    "home.yourProfile.subtitle": "<strong>profiliniz</strong>",
    "home.recentlyViewed.title": "Son Görüntülenen",
    "home.mostViewed.title": "En Çok Görüntülenen",
    "home.globalRankings.title": "Küresel Sıralama",
    "profile.bar.user": "Profil",
    "profile.bar.user.new": "<strong>$1</strong> kullanıcısının profili",
    "profile.bar.user.new-s": "<strong>$1</strong> kullanıcısının profili",
    "profile.info.joined": "$1 <span class=\"light\">tarihinde katıldı</span>",
    "profile.info.playsWith": "$1 <span class=\"light\">ile oynuyor</span>",
    "profile.timeline.title": "Zaman Çizelgesi",
    "profile.timeline.addEntry": "Kayıt Ekle",
    "profile.timeline.addEntry.placeholder": "ilginç bir şey oldu...",
    "profile.goals.title": "Hedefler",
    "profile.goals.welcome.title": "<strong>Goals'a</strong> hoş geldin",
    "profile.goals.welcome.body": "Goals, osu! hedeflerinizi takip etmenin bir yoludur, madalya sayılarınızdan tutun, ppnize, rozetlerinize ve hatta sıralamanıza kadar! Aşağıdan bir hedef ekleyebilirsiniz. Sol tarafta hedef türü vardır, hedef türü seçtikten sonra bir miktar girip hedef eklemek için sağdaki butona basın!",
    "profile.goals.welcome.close": "Bu panel ilk hedefini eklediğinde<br>\nkendiliğinden kapanacaktır.",
    "profile.goals.input.placeholder": "Miktar",
    "profile.goals.pp": "pp",
    "profile.goals.rank": "sıralama",
    "profile.goals.medals": "madalyalar",
    "profile.goals.ssCount": "SS Sayısı",
    "profile.goals.badges": "rozet",
    "profile.goals.level": "seviye",
    "profile.goals.goal.title": "<strong>$2</strong> içinde <strong>$1</strong>'e ulaş",
    "profile.goals.goal.subtitle": "$1 (%$2)",
    "profile.goals.goal.started": "<strong>$1</strong> başladı",
    "profile.goals.goalType": "Hedef Türü",
    "profile.stats.title": "İstatistikler",
    "profile.stats.globalRank": "küresel sıralama",
    "profile.stats.countryRank": "ülkesel sıralama",
    "profile.stats.accuracy": "vuruş isabeti",
    "profile.stats.pp": "pp",
    "profile.stats.playtime": "oynama süresi",
    "profile.stats.plays": "oynama sayısı",
    "profile.medals.title": "Madalyalar",
    "profile.medals.medals": "madalyalar",
    "profile.medals.rank": "madalya sıralaması",
    "profile.medals.completion": "tamamlanmış madalyalar",
    "profile.medals.togo": "$1 madalya",
    "profile.medals.until": "sonra",
    "profile.medals.rarest": "<strong>en nadir</strong> madalya",
    "profile.medals.onlyPercent": "yalnız $1 bu madalyaya sahip!",
    "profile.medals.percentOfPlayers": "oyunculardan %$1",
    "profile.medals.history.new": "$1<br>yeni<br> madalya",
    "profile.snapshots.title": "<light>Osekai Shapshots'a</light> yüklenen sürümler",
    "profile.snapshots.uploadDate": "<strong>$1</strong> tarihinde Snapshots'a yüklendi",
    "profile.snapshots.uploadDateUnknown": "Yayın tarihi bilinmiyor",
    "loading": "Profil yükleniyor"
}