{
    "home.addUser.title": "Bir kullanıcı ekle!",
    "home.addUser.loggedIn": "Giriş yaptığınız için zaten eklendiniz! Bir sonraki döngüde işleneceksiniz.",
    "home.addUser.loggedOut": "Kendinizi Osekai Rankings'e eklemek için lütfen osu! hesabınız ile giriş yapın. Bunu yapmak için sağ üstteki butona basın.",
    "home.addUser.addAnotherUser.title": "Başka bir kullanıcı ekle",
    "home.addUser.addAnotherUser.loggedOut": "Bir kullanıcı eklemek için lütfen giriş yapın.",
    "home.addUser.addAnotherUser.placeholder": "Kullanıcı ID'si",
    "home.addUser.addAnotherUser.button": "Ekle",
    "general.medals.title": "Madalyalar",
    "general.allmode.title": "Tüm Modlar",
    "general.mappers.title": "Mapperlar",
    "general.badges.title": "Rozetler",
    "general.medals.users": "Kullanıcılar",
    "general.medals.rarity": "Nadirlik",
    "general.allmode.replays": "Tekrarlar",
    "general.allmode.standardDeviation": "Standart Sapma",
    "general.allmode.total": "Toplam pp",
    "general.mappers.ranked": "Derceli Mapsetler",
    "general.mappers.loved": "Sevilen Mapsetler",
    "general.mappers.subscribers": "Aboneler",
    "general.badges.badges": "Rozetler",
    "general.medals.users.subheader": "sahip olduğu madalyalara göre sıralanmış bir kullanıcı lider tablosu!",
    "general.medals.rarity.subheader": "her madalyanın ne kadar nadir olduğunu merak ettiniz mi? burada öğrenin!",
    "general.allmode.replays.subheader": "izlenilen tekrarların miktarı ile sıralanmış kullanıcılar!",
    "general.allmode.standardDeviation.subheader": "standart sapmış pp ile sıralanmış kullanıcılar!",
    "general.allmode.total.subheader": "tüm oyun modlarındaki toplam pp ile sıralanmış kullanıcılar!",
    "general.mappers.ranked.subheader": "en çok dereceli beatmape sahip mapperın kim olduğunu öğren!",
    "general.mappers.loved.subheader": "en çok sevilen beatmape sahip mapperın kim olduğunu öğren!",
    "general.mappers.subscribers.subheader": "en çok aboneye sahip olanın kim olduğunu öğren!",
    "general.badges.badges.subheader": "rozet",
    "bar.general.with": "ile",
    "bar.medals.users.rarestMedal": "en nadir madalya",
    "bar.medals.users.medalCompletion": "alınan <span class='light'>madalya</span> yüzdesi",
    "bar.medals.rarity.heldBy": "alanlar",
    "bar.medals.rarity.only": "'da",
    "bar.allmode.standardDeviation.standardDeviationPP": "standart sapmış pp",
    "bar.allmode.standardDeviation.totalPP": "toplam pp",
    "bar.allmode.standardDeviation.replaysWatched": "izlenilen tekrar",
    "bar.mappers.ranked.rankedMaps": "dereceli beatmapler",
    "bar.mappers.loved.lovedMaps": "sevilen beatmapler",
    "bar.mappers.subscribers.subscribers": "aboneler",
    "bar.badges.badges.badges": "rozetler",
    "pagination.previous": "önceki",
    "pagination.next": "sonraki",
    "search.username": "Kullanıcı adı",
    "search.userID": "Kullanıcı ID'si",
    "search.country": "Ülke",
    "search.rarestMedal": "En Nadir Madalya",
    "search.mode": "Mod",
    "search.group": "Grup",
    "search.placeholder": "burda ara!"
}