{
    "sidebar.search.placeholder": "bir sürüm ara",
    "sidebar.submission": "Havalı bir sürümün mü var? Osekai Snapshots'a gönder!",
    "submit.title": "Bir sürüm gönder!",
    "submit.versionName.title": "Sürüm adı",
    "submit.versionName.description": "Bunu çoğu sürümde ayarların en altında bulabilirsin.",
    "submit.versionName.placeholder": "mesela b20200905.1",
    "submit.versionFile.title": "Sürüm dosyası",
    "submit.versionFile.description": "Sürümün ZIP'ine ihtiyacımız var. Google Drive gibi dosya yükleme servislerini kullanarak yükleyebilirsin. Yapılandırma dosyalarını silmeyi unutma!",
    "submit.versionInfo.title": "Sürüm bilgisi",
    "submit.versionInfo.description": "Bize sürümünü anlat! Bu uzun veya kısa olabilir, senin kararın!",
    "submit.versionInfo.placeholder": "mesela, Bu sürüm müthiş ve bir sürü yeni özellikler ile geliyor!",
    "submit.submit": "Sürüm Gönder",
    "submit.warning.header": "Bu sürümü göndermeden önce tüm yapılandırma dosyalarını sildiğinizden emin olun.",
    "submit.warning.body": "Bu yapılandırma dosyaları, kullanıcı adınız ve şifreniz gibi osu! giriş bilgilerinizi barındırabilir. Lütfen bunları kaldırdığınızdan emin olun.",
    "submit.warning.confirm": "Bu dosyaları kaldırdım.",
    "submit.warning.cancel": "Unuttum! Geriye döneyim.",
    "submit.warning.footer": "Yanlışlıkla yapılandırma dosyası barındıran bir sürüm gönderdirseniz lütfen sürümü kaldırmak için bir yöneticiyle iletişime geçin.",
    "submit.success.header": "Gönderiniz için teşekkür ederiz! En yakın zamanda bakacağız!",
    "version.released": "$1 tarihinde yayınlandı",
    "version.archivedBy": "$1 tarafından arşivlendi",
    "version.description.title": "Açıklama",
    "version.downloads.title": "İndirmeler",
    "version.download.title": "indir",
    "version.download.recommended": "önerilen",
    "version.download.from": "$1 tarafından",
    "version.extraInfo.title": "Ek bilgi",
    "version.warnings.title": "Uyarılar",
    "version.warnings.automaticallyUpdated.title": "Otomatik olarak güncelleşir",
    "version.warnings.automaticallyUpdated.description": "Bu istemci orijinalinde otomatik olarak güncelleşir. biz bir _staging dosyası uygulayarak bunu engelledik.",
    "version.warnings.requiresServer.title": "Sunucu gerektirir",
    "version.warnings.requiresServer.description": "Bu istemci bir özel sunucuya bağlanmadan açılamaz.",
    "version.screenshots": "Ekran görüntüleri",
    "home.welcome": "osu!archive'ın yeni evine hoş geldiniz!",
    "home.welcome.description": "yeni sitemiz üzerinde çok çalışıyoruz, ve sizin ne düşündüğünüzü duymak için sabırsızlanıyoruz!",
    "home.welcome.title": "Ana Sayfa",
    "home.slogan": "2007'den bu yana osu! sürümlerini sunuyoruz!",
    "home.slogan.unloaded": "2007'den bu yana osu! sürümlerini arşivliyoruz!"
}