{
    "title": "Hai bisogno di aiuto o hai qualche idea? Contattaci!",
    "header": "Siamo un piccolo team, e se avessi qualsiasi cosa che ti piacerebbe discutere o se hai bisogno di aiuto per qualcosa di osekai, siamo felici di darti una mano!",
    "body.p1": "Il modo migliore per contattarci è entrare nel server di Discord osu! Medal Hunters.",
    "body.p2": "Un link per questo server è sulla homepage e nel menu dropdown in alto a sinistra.",
    "siteOwner": "Proprietario del sito: $1",
    "snapshots": "Per qualsiasi problema o richiesta riguardante Osekai Snapshot, contatta Hubz a hubz@hubza.co.uk"
}