{
    "title": "Le donazioni non sono mai obbligatorie, ma sempre apprezzate :)",
    "body.p1": "Le utilizziamo per coprire i costi di mantenimento del sito. Per trasparenza puoi vedere sotto tutti i costi prodotti dal sito di osekai.",
    "body.p2": "Vogliamo fornire tutti i nostri servizi gratuitamente. L'unico 'vantaggio' che ottieni donando è un piccolo ❤ sul tuo nome quando commenti e accedi sul canale Discord dedicato allo sviluppo di osekai, ma cose simili potrebbero essere aggiunte in futuro.",
    "body.p3": "La classifica dei donatori non verrà aggiornata istantaneamente. Ma non preoccuparti, ci assicureremo di aggiornarla appena ne avremo notizia!",
    "donate.title": "Dona!",
    "donate.header": "Vuoi supportarci? Per favore invia una donazione!",
    "donate.body": "Tieni a mente che perché il tuo username venga mostrato devi eseguire l'accesso!",
    "donate.paypal": "Dona con PayPal",
    "donate.paysafecard": "Dona con Paysafecard",
    "costs.title": "Costi",
    "costs.covered": "costi coperti: $1 / $2",
    "top.title": "Migliori Donatori",
    "recent.title": "Donazioni più recenti",
    "recent.message": "Messaggio di donazione"
}