{
    "medal": "medaglia",
    "medals": "medaglie",
    "club": "club",
    "date_released": "rliasciato $1",
    "date_added": "aggiunto $1",
    "date_updated": "aggiornato $1",
    "date_posted": "postato $1",
    "date_submitted": "inviato",
    "date_last_played": "giocato l'ultima volta $1",
    "submit": "Invia",
    "add": "Aggiungi",
    "update": "Aggiorna",
    "delete": "Cancella",
    "cancel": "Annulla",
    "global": "Globale",
    "saveChanges": "Salva Modifiche",
    "remove": "Rimuovi",
    "close": "Chiudi",
    "language.switch": "Cambio lingua!",
    "locked.login": "Accedi per utilizzare questa funzionalità!",
    "page.generatedIn": "Pagina generata in $1 secondi.",
    "ok": "Okay"
}