{
    "cover.subtitle": "la casa delle <strong>classifiche alternative</strong>, <strong>informazioni del profilo approfondite</strong>, <strong>soluzioni delle medaglie</strong>, <strong>centinaia di versioni</strong>, e altro",
    "cover.madeFor": "creato per la community di osu! dal <span>team<strong> osekai</strong></span>",
    "new": "novità!",
    "new.text": "su <strong>osekai</strong>...",
    "new.introducing": "Introduciamo la nuova applicazione:",
    "profiles.main": "Abbiamo lavorato su un nuovo modo per visualizzare e gestire il tuo profilo di osu!. Abbiamo creato nuove funzionalità fantastiche come Obiettivi, Linea del Tempo, e molto altro. E dopo oltre un anno di sviluppo, è finalmente terminato. Vallo a vedere!",
    "medals.main": "Il posto migliore per trovare le soluzioni di tutte le medaglie di osu!, le migliori beatmap da usare, e anche chiacchierare nei commenti!",
    "snapshots.main": "Sperimenta i sentimenti nostalgici delle vecchie versioni di osu!, o guarda alcune delle versioni più speciali nella nuova home di osu!archive!",
    "rankings.main": "L'unico posto per trovare classifiche alternative di osu! per le medaglie, mappe rankate e altro ancora.",
    "badges.main": "Il posto migliore per trovare quasi ogni badge su osu!, insieme ai loro proprietari.",
    "discord.title": "Entra nel server Discord <strong>osu! medal hunters</strong>!",
    "discord.text": "Scopri la più grande comunità di cacciatori di medaglie di osu! su Discord, dove risiede anche Osekai!",
    "support.title": "Supportaci!",
    "support.text": "Siamo solo un piccolo team, e donando ci aiuti a mantenere i server e lo sviluppo!",
    "faq": "FAQ",
    "faq.title": "Domande Frequenti",
    "faq.welcome": "Benvenuto alle FAQ di Osekai!",
    "faq.welcome.intro": "Qui puoi trovare le risposte alle domande più comuni di Osekai. Seleziona una domanda sulla barra di sinistra per iniziare.",
    "team.title": "Il Team",
    "team.role.mulraf": "Capo del Progetto & Capo Sviluppatore",
    "team.role.hubz": "Sviluppatore & Capo Designer",
    "team.role.electroyan": "Ingegnere dei Dati delle Classifiche",
    "team.role.remyria": "Manager della Community",
    "team.role.generic.snapshotsManager": "Manager degli Snapshot",
    "team.role.generic.snapshotsDeveloper": "Sviluppatore degli Snapshot",
    "harumachi.title": "Harumachi Cup Omega. L'ultima.",
    "harumachi.text": "Il miglior peggiore torneo di osu! torna per l'ultima volta. Dai un'occhiata!"
}