{
    "searchbar.placeholder": "cerca una medaglia",
    "searchbar.filters.tooltip": "Cerca filtri",
    "searchbar.filters.title": "Opzioni filtri",
    "searchbar.filters.unobtainedMedals": "Medaglie non ottenute",
    "solution.title": "Soluzione",
    "beatmaps.title": "Beatmaps <p id=\"beatmap_count\" class=\"medals__bm-count\">0</p>",
    "beatmaps.note.add": "aggiungi una nota",
    "beatmaps.note.view": "visualizza la nota",
    "beatmaps.note.title": "Nota",
    "beatmap.by": "da",
    "beatmap.mappedBy": "mappata da",
    "beatmap.viewOnOsu": "Visualizza pacchetto beatmap su <strong>osu.ppy.sh</strong>",
    "beatmap.downloadWithDirect": "scarica con<strong> osu!direct</strong>",
    "beatmap.report": "segnala questa beatmap",
    "beatmap.delete": "elimina questa beatmap",
    "video.title": "Video",
    "beatmaps.add": "Aggiungi Beatmap",
    "beatmaps.add.title": "Aggiungi una beatmap",
    "beatmaps.add.body": "Aggiungi una beatmap alla medaglia $1",
    "beatmaps.add.p1": "Tieni presente che questa beatmap deve avere il fine di ricevere la medaglia. Se non dovesse farlo verrà rimossa dall'elenco.",
    "beatmaps.add.url.placeholder": "URL Beatmap",
    "beatmaps.add.note.placeholder": "Nota"
}