{
    "profile.viewOnOsekaiProfiles": "<light>visualizza profilo su</light> profili osekai",
    "profile.viewOnOsu": "<light>visualizza profilo su</light> osu!",
    "profile.logOut": "disconnettiti",
    "profile.experimentalMode": "Sei attualmente in Modalità Sperimentale. Le cose potrebbero rompersi.",
    "profile.logIn": "accedi <light>con</light> osu!",
    "search.placeholder": "cerca qualcosa. qualsiasi cosa.",
    "search.noResults": "Nessun risultato trovato",
    "settings.title": "impostazioni <strong>osekai</strong>",
    "settings.subtitle": "rendi osekai tuo",
    "settings.global.title": "globale",
    "settings.global.theme": "tema",
    "settings.global.theme.light": "tema chiaro",
    "settings.global.theme.dark": "tema scuro",
    "settings.global.theme.ultraDark": "tema ultra scuro",
    "settings.global.theme.coldDark": "tema scuro freddo",
    "settings.global.theme.system": "tema di sistema",
    "settings.global.language": "lingua",
    "settings.profiles.title": "profili",
    "settings.profiles.showMedalsFromAllModes": "mostra medaglie da tutte le modalità",
    "notifications.title": "<strong>notifiche</strong>",
    "apps.support": "supporta osekai!",
    "apps.twitter": "segui osekai su twitter!",
    "apps.discord": "entra nel server Discord osu! Medal Hunters",
    "apps.contact": "contattaci",
    "apps.privacy": "informativa sulla privacy",
    "apps.developmentDiscord": "entra nel nostro server di sviluppo",
    "tooltip.notifications": "Notifiche",
    "tooltip.settings": "Impostazioni",
    "tooltip.search": "Cerca"
}