{
    "home.panel.body": "uno sguardo approfondito al tuo profilo di osu!",
    "home.yourProfile.title": "dai un'occhiata",
    "home.yourProfile.subtitle": "il tuo <strong>profilo</strong>",
    "home.recentlyViewed.title": "Visualizzati di recente",
    "home.mostViewed.title": "Più visualizzati",
    "home.globalRankings.title": "Classifica globale",
    "profile.bar.user": "Profilo",
    "profile.bar.user.new": "Profilo di <strong>$1</strong>",
    "profile.bar.user.new-s": "Profilo di <strong>$1</strong>",
    "profile.info.joined": "<span class=\"light\">si è unito</span> $1",
    "profile.info.playsWith": "<span class=\"light\">gioca con</span> $1",
    "profile.timeline.title": "Linea del Tempo",
    "profile.timeline.addEntry": "Aggiungi voce",
    "profile.timeline.addEntry.placeholder": "è successo qualcosa di interessante...",
    "profile.goals.title": "Obiettivi",
    "profile.goals.welcome.title": "Benvenuto a <strong>Obiettivi</strong>",
    "profile.goals.welcome.body": "Obiettivi è un modo per tenere traccia dei tuoi obiettivi su osu!, dal numero di medaglie, ai pp, anche ai badge e i rank! Puoi aggiungere un obiettivo qui sotto. Sulla sinistra è presente il tipo di obiettivo, e poi per aggiungere l'obiettivo puoi premere il pulsante più sulla destra!",
    "profile.goals.welcome.close": "Questo pannello si chiuderà automaticamente quando<br>hai aggiunto il tuo primo obiettivo.",
    "profile.goals.input.placeholder": "Quantità",
    "profile.goals.pp": "pp",
    "profile.goals.rank": "rank",
    "profile.goals.medals": "medaglie",
    "profile.goals.ssCount": "Numero di SS",
    "profile.goals.badges": "badge",
    "profile.goals.level": "livello",
    "profile.goals.goal.title": "Raggiungi <strong>$1</strong> in <strong>$2</strong>",
    "profile.goals.goal.subtitle": "$1 ($2%)",
    "profile.goals.goal.started": "avviato <strong>$1</strong>",
    "profile.goals.goalType": "Tipo di Obiettivo",
    "profile.stats.title": "Statistiche",
    "profile.stats.globalRank": "posizione globale",
    "profile.stats.countryRank": "posizione nazionale",
    "profile.stats.accuracy": "precisione",
    "profile.stats.pp": "pp",
    "profile.stats.playtime": "tempo di gioco",
    "profile.stats.plays": "partite giocate",
    "profile.medals.title": "Medaglie",
    "profile.medals.medals": "medaglie",
    "profile.medals.rank": "classifica medaglie",
    "profile.medals.completion": "completamento medaglie",
    "profile.medals.togo": "$1 medaglie rimanenti",
    "profile.medals.until": "fino a",
    "profile.medals.rarest": "medaglia <strong>più rara</strong>",
    "profile.medals.onlyPercent": "solo $1 hanno questa medaglia!",
    "profile.medals.percentOfPlayers": "$1% dei giocatori",
    "profile.medals.history.new": "$1<br>nuove<br>medaglie",
    "profile.snapshots.title": "Versioni caricate <light>su Osekai Snapshots</light>",
    "profile.snapshots.uploadDate": "Caricato su Snapshots <strong>$1</strong>",
    "profile.snapshots.uploadDateUnknown": "Data di caricamento sconosciuta",
    "loading": "Caricamento del profilo"
}