{
    "home.addUser.title": "Aggiungi un utente!",
    "home.addUser.loggedIn": "Dato che hai eseguito l'accesso sei già stato aggiunto! Sarai processato al prossimo ciclo.",
    "home.addUser.loggedOut": "Per aggiungerti alle Classifiche Osekai, basta accedere con il tuo account di osu!. Clicca il pulsante in alto a destra per farlo.",
    "home.addUser.addAnotherUser.title": "Aggiungi un altro utente",
    "home.addUser.addAnotherUser.loggedOut": "Per favore accedi per aggiungere un utente.",
    "home.addUser.addAnotherUser.placeholder": "ID Utente",
    "home.addUser.addAnotherUser.button": "Aggiungi",
    "general.medals.title": "Medaglie",
    "general.allmode.title": "Tutte le modalità",
    "general.mappers.title": "Mappers",
    "general.badges.title": "Badge",
    "general.medals.users": "Utenti",
    "general.medals.rarity": "Rarità",
    "general.allmode.replays": "Replays",
    "general.allmode.standardDeviation": "Deviazione Standard",
    "general.allmode.total": "Totale pp",
    "general.mappers.ranked": "Mappe Rankate",
    "general.mappers.loved": "Mappe Loved",
    "general.mappers.subscribers": "Iscritti",
    "general.badges.badges": "Badge",
    "general.medals.users.subheader": "una classifica di utenti, ordinata in base alla loro quantità di medaglie!",
    "general.medals.rarity.subheader": "ti sei mai chiesto quanto sia rara ogni medaglia? scoprilo qui!",
    "general.allmode.replays.subheader": "utenti ordinati per la quantità di replay visti da altri!",
    "general.allmode.standardDeviation.subheader": "utenti ordinati per pp in deviazione standard!",
    "general.allmode.total.subheader": "utenti ordinati per pp in deviazione standard di tutte le modalità sommati!",
    "general.mappers.ranked.subheader": "scopri chi è il mapper con più mappe ranked in cima alla classifica!",
    "general.mappers.loved.subheader": "scopri chi è il mapper con più mappe loved in cima alla classifica!",
    "general.mappers.subscribers.subheader": "scopri chi è l'utente con più iscritti!",
    "general.badges.badges.subheader": "badge",
    "bar.general.with": "con",
    "bar.medals.users.rarestMedal": "medaglia più rara",
    "bar.medals.users.medalCompletion": "completamento <span class='light'>medaglie</span>",
    "bar.medals.rarity.heldBy": "ottenuto da",
    "bar.medals.rarity.only": "solo",
    "bar.allmode.standardDeviation.standardDeviationPP": "pp in deviazione standard",
    "bar.allmode.standardDeviation.totalPP": "pp totali",
    "bar.allmode.standardDeviation.replaysWatched": "replay guardati da altri",
    "bar.mappers.ranked.rankedMaps": "mappe rankate",
    "bar.mappers.loved.lovedMaps": "mappe loved",
    "bar.mappers.subscribers.subscribers": "iscritti",
    "bar.badges.badges.badges": "badge",
    "pagination.previous": "precedente",
    "pagination.next": "successivo",
    "search.username": "Nome utente",
    "search.userID": "ID Utente",
    "search.country": "Nazione",
    "search.rarestMedal": "Medaglia più rara",
    "search.mode": "Modalità",
    "search.group": "Gruppo",
    "search.placeholder": "cerca qui!"
}