{
    "new.finished.title": "Segnalato!",
    "new.finished.button": "Okay!",
    "new.comment.title": "Segnala questo commento",
    "new.beatmap.title": "Segnala questa beatmap",
    "new.bug.title": "Segnala un bug",
    "new.comment.body": "Al momento stai segnalando questo commento. Ti preghiamo di fornirci dettagli approfonditi sul perchè questo commento debba essere revisionato o rimosso. Per favore non segnalare commenti per scherzo.",
    "new.beatmap.body": "Attualmente stai segnalando il suggerimento di questa beatmap. Per favore facci sapere perchè pensi che questa beatmap non sia adatta per questa medaglia e il perchè dovrebbe essere rimossa.",
    "new.bug.body": "Se stai riscontrando un bug su Osekai, puoi segnalarlo qui! Per favore dacci i dettagli riguardo il bug e quali passi hai svolto per sistemarlo.<br>Se non l'hai ancora fatto, per favore prova a cliccare CTRL+F5. I browser solitamente conservano nella cache dei file del server localmente per alcuni giorni e a volte questi possono risultare obsoleti e causare dei bug. CTRL+F5 svuota la cache e molte volte sistema i bug che potresti stare riscontrando.",
    "new.comment.finished": "Grazie per aver segnalato questo commento! Lo controlleremo il prima possibile.",
    "new.beatmap.finished": "Grazie per aver segnalato questa beatmap! La controlleremo il prima possibile!",
    "new.bug.finished": "Thanks for reporting this bug. Our development team will loo k into it as soon as possible! If you have more questions or issues, feel free to contact us through the osu! Medal Hunters Discord server, found in the Apps dropdown in the top left.",
    "new.bug.finished.button": "Va bene!",
    "logged-out": "Please log in to submit a report."
}