{
    "sidebar.search.placeholder": "cerca una versione",
    "sidebar.submission": "Hai una bella versione? Inviala su Osekai Snapshots!",
    "submit.title": "Invia una versione!",
    "submit.versionName.title": "Nome della versione",
    "submit.versionName.description": "Puoi trovarlo in fondo al menù delle opzioni nella maggior parte delle versioni.",
    "submit.versionName.placeholder": "es. b20200905.1",
    "submit.versionFile.title": "File della versione",
    "submit.versionFile.description": "Abbiamo bisogno di un file ZIP della versione. Puoi caricarne uno usando un servizio come Google Drive. Ricordati di cancellare le tue configurazioni!",
    "submit.versionInfo.title": "Info versione",
    "submit.versionInfo.description": "Dicci un po' sulla tua versione! Può essere poco o tanto, scegli tu!",
    "submit.versionInfo.placeholder": "es. Questa versione è super fantastica e porta un sacco di nuove funzionalità!",
    "submit.submit": "Invia Versione",
    "submit.warning.header": "Prima di inviare la versione, assicurati di aver cancellato tutti i file di configurazione.",
    "submit.warning.body": "Questi file di configurazione potrebbero contenere i tuoi dettagli di login di osu!, come username e password. Per favore, assicurati di averli rimossi.",
    "submit.warning.confirm": "Ho rimosso questi file.",
    "submit.warning.cancel": "Mi sono dimenticato! Fammi tornare indietro.",
    "submit.warning.footer": "Se hai caricato per sbaglio una versione con un file di configurazione, per favore contatta un admin per farla rimuovere immediatamente.",
    "submit.success.header": "Grazie per il tuo invio! Lo controlleremo il prima possibile!",
    "version.released": "rliasciato $1",
    "version.archivedBy": "archiviato da $1",
    "version.description.title": "Descrizione",
    "version.downloads.title": "Downloads",
    "version.download.title": "scarica",
    "version.download.recommended": "consigliato",
    "version.download.from": "da $1",
    "version.extraInfo.title": "Info aggiuntive",
    "version.warnings.title": "Avvertenze",
    "version.warnings.automaticallyUpdated.title": "Aggiornato Automaticamente",
    "version.warnings.automaticallyUpdated.description": "Questo client si aggiornava automaticamente. Abbiamo applicato un file _staging per evitare che ciò accada.",
    "version.warnings.requiresServer.title": "Richiede Server",
    "version.warnings.requiresServer.description": "Questo client non può essere aperto senza connettersi a un server privato.",
    "version.screenshots": "Screenshots",
    "home.welcome": "Benvenuto nella nuova home di osu!archive!",
    "home.welcome.description": "abbiamo lavorato duramente sul nostro nuovo sito, e non vediamo l'ora di sentire cosa ne pensiate!",
    "home.welcome.title": "Homepage",
    "home.slogan": "offrendo $1 versioni di osu! dal 2007 a oggi!",
    "home.slogan.unloaded": "archiviando le versioni di osu! dal 2007 a oggi!"
}