{
    "home.slogan": "ศูนย์กลางสำหรับทุกอย่างที่เกี่ยวกับ osekai!",
    "rankings.slogan": "การจัดอันดับทางเลือกสำหรับ osu! อันดับ 1!",
    "medals.slogan": "เฉลยสำหรับเหรียญตราทุกอัน อยู่ใกล้เพียงปลายนิ้วคุณ!",
    "profiles.slogan": "ดูโปรไฟล์ osu! ของคุณกับรายละเอียดที่เพิ่มขึ้น",
    "snapshots.slogan": "เก็บเวอร์ชั่น osu! ย้อนกลับไปตั้งแต่ปี 2007!",
    "badges.slogan": "ที่ที่จะได้เห็นแบดจ์เกือบทั้งหมดใน osu!"
}