{
    "badges.title": "แบดจ์ ($1)",
    "sort.awardedAt.asc": "ได้ในวันที่ (เก่าไปใหม่)",
    "sort.awardedAt.desc": "ได้ในวันที่ (ใหม่ไปเก่า)",
    "sort.name.asc": "ตามตัวอักษร (a-z)",
    "sort.name.desc": "ตามตัวอักษร (z-a)",
    "sort.playerCount.asc": "ปริมาณผู้เล่นที่มี (น้อยไปมาก)",
    "sort.playerCount.desc": "ปริมาณผู้เล่นที่มี (มากไปน้อย)",
    "search.placeholder": "ค้นหาแบดจ์!",
    "badge.firstAchieved": "ได้ครั้งแรกวันที่ <strong>$1</strong>",
    "badge.ownedBy": "มีคนมีทั้งหมด <strong>$1</strong> คน",
    "badge.ownedBySingular": "มีคนมีทั้งหมด <strong>$1</strong> คน",
    "badge.popup.playersWhoHave": "<strong>ผู้เล่น</strong>ที่มีแบดจ์นี้",
    "badge.popup.1xVariant": "แบบ<br><strong>@1x</strong>",
    "paused": "ขณะนี้การประมวลผลของ Osekai Badges ได้ทำการหยุดไว้ชั่วคราว จะแสดงเพียงแบดจ์ที่มาก่อนวันที่ $1 เท่านั้น",
    "viewtype.grid": "ตาราง",
    "viewtype.compactList": "ลิสต์กระทัดรัด",
    "viewtype.list": "ลิสต์",
    "viewtype.ultraCompact": "กระทัดรัดพิเศษใส่ไข่"
}