{
    "title": "มีไอเดียหรือต้องการความช่วยเหลือ? ติดต่อเรา!",
    "header": "ถึงเราจะเป็นเพียงแค่ทีมเล็กๆ แต่ถ้าคุณมีอะไรที่อยากสอบถามหรือต้องการความช่วยเหลืออะไรเกี่ยวกับ osekai พวกเราก็พร้อมช่วย!",
    "body.p1": "วิธีที่ดีที่สุดที่คุณจะติดต่อพวกเราได้คือการเข้ามาในเซิฟ osu! Medal Hunters Discord",
    "body.p2": "ลิงค์เพื่อเข้าเซิฟนี้อยู่ในโฮมเพจและไอคอน discord หลังจากคลิกมุมซ้ายบนของเพจนี้",
    "siteOwner": "เจ้าของเว็บไซต์: $1",
    "snapshots": "สำหรับปัญหาหรือคำขอใดๆ เกี่ยวกับ Osekai Snapshots โปรดติดต่อ Hubz ได้ที่ hubz@hubza.co.uk"
}