{
    "title": "การสนับสนุนนั้นไม่จำเป็น แต่จะเป็นประโยชน์สำหรับพวกเราเสมอ :)",
    "body.p1": "เราจะใช้การสนับสนุนของคุณเพื่อจ่ายค่ารันเว็บไซต์ของเรา เพื่อความโปร่งใสคุณสามารถดูค่าใช้จ่ายของเว็บไซต์ osekai ได้ด้านล่าง",
    "body.p2": "เราต้องการให้บริการทุกอย่างโดยไม่คิดค่าใช้จ่ายใดๆ 'ประโยชน์'อย่างเดียวที่คุณจะได้หลังการสนับสนุนเราคือ ❤ ดวงเล็กๆข้างๆชื่อของคุณเมื่อแสดงความคิดเห็นและสามารถเข้ามาใน osekai development discord channel ได้ แต่สิ่งอื่นที่คล้ายกันอาจจะถูกเพิ่มขึ้นในอนาคต",
    "body.p3": "รายชื่อผู้สนับสนุนรายใหญ่อาจจะไม่ถูกอัพเดททันที แต่ไม่ต้องเป็นห่วง เราจะมาอัพเดทแน่นอนถ้าเราเห็น!",
    "donate.title": "โดเนท!",
    "donate.header": "อยากช่วยเหลือเรา? ส่งเงินสนับสนุนเลย!",
    "donate.body": "จำไว้ด้วยว่าเราจะโชว์ username ของคุณ คุณต้องล็อกอิน!",
    "donate.paypal": "สนับสนุนผ่าน PayPal",
    "donate.paysafecard": "สนับสนุนผ่าน Paysafecard",
    "costs.title": "ค่าใช้จ่าย",
    "costs.covered": "ค่าใช้จ่ายที่การสนับสนุนครอบคลุมแล้ว: $1 / $2",
    "top.title": "ผู้สนับสนุนรายใหญ่",
    "recent.title": "โดเนชั่นล่าสุด",
    "recent.message": "ข้อความโดเนท"
}