{
    "medal": "เหรียญตรา",
    "medals": "เหรียญตรา",
    "club": "ชมรม",
    "date_released": "ปล่อยเมื่อ $1",
    "date_added": "เพิ่มเมื่อ $1",
    "date_updated": "อัพเดทเมื่อ $1",
    "date_posted": "โพสเมื่อ",
    "date_submitted": "ใส่เมื่อ",
    "date_last_played": "เล่นครั้งล่าสุดเมื่อ $1",
    "submit": "ส่ง",
    "add": "เพิ่ม",
    "update": "อัพเดท",
    "delete": "ลบ",
    "cancel": "ยกเลิก",
    "global": "ทั่วโลก",
    "saveChanges": "บันทึกการแก้ไข",
    "remove": "ลบออก",
    "close": "ปิด",
    "language.switch": "เปลี่ยนภาษาอยู่!",
    "locked.login": "เข้าสู่ระบบเพื่อใช้ฟีเจอร์นี้!",
    "page.generatedIn": "เพจโหลดใน $1 วินาที",
    "ok": "Okay"
}