{
    "cover.subtitle": "ศูนย์กลางของ<strong>การจัดอันดับทางเลือก</strong> <strong>ข้อมูลโปรไฟล์โอสุของคุณอย่างละเอียด</strong> <strong>เฉลยสำหรับเหรียญตรา</strong> <strong>เวอร์ชั่นของ osu! นับร้อย</strong>, และอีกมากมาย",
    "cover.madeFor": "สร้างขึ้นโดยสมาชิก osu! โดย<span>ทีม<strong>osekai</strong></span>",
    "new": "ใหม่!",
    "new.text": "ใน <strong>osekai</strong>...",
    "new.introducing": "นำเสนอแอพใหม่ของเรา:",
    "profiles.main": "เรากำลังสร้างวิธีใหม่ๆให้คุณดูและจัดการโปรไฟล์ osu! ของคุณ เราได้คิดฟีเจอร์ใหม่ๆอย่างเป้าหมาย ไทมไลน์ และอีกมากมาย และหลังจากการพัฒนามามากกว่า 1 ปี เราก็พร้อมปล่อยฟีเจอร์เหล่านี้ เชิญชมได้เลย!",
    "medals.main": "ที่ที่ดีที่สุดเพื่อหาเฉลยของเหรียญตราทั้งหมดของ osu! แมพที่ง่ายสุดสำหรับแต่ละเหรียญตรา และปรึกษาในช่องออกความคิดเห็น!",
    "snapshots.main": "ดื่มด่ำในประสบการณ์ osu! เวอร์ชั่นเก่าๆ หรือลองเวอร์ชั่นพิเศษต่างๆได้ที่ osu!archive!",
    "rankings.main": "ที่เดียวสำหรับการหาการจัดอันดับทางเลือกของ osu! การจัดอันดับของเหรียญตรา ของแมพที่จัดอันดับแล้ว และอื่นๆ",
    "badges.main": "ที่ที่ดีที่สุดสำหรับการหาเกือบทุกแบดจ์ใน osu! พร้อมกับเจ้าของของแต่ละแบดจ์",
    "discord.title": "เข้าร่วมเซิฟ discord ของ<strong>osu! medal hunters</strong>!",
    "discord.text": "มาดูกลุ่มการล่าเหรียญตรา osu! ที่ใหญ่ที่สุดบน discord และยังเป็นศูนย์กลางของ osekai ด้วย!",
    "support.title": "สนับสนุนเรา!",
    "support.text": "เราเป็นเพียงแค่ทีมขนาดเล็ก และจากการสนับสนุนของคุณ คุณช่วยให้เราสามารถรันเว็บไซต์และการพัฒนาต่อไปได้ในอนาคต!",
    "faq": "คำถามที่พบบ่อย",
    "faq.title": "คำถามที่พบบ่อย",
    "faq.welcome": "ยินดีต้อนรับสู้คำถามที่พบบ่อยของ Osekai!",
    "faq.welcome.intro": "คุณจะสามารถคำถามที่พบบ่อยเกี่ยวกับ Osekai ได้ที่นี่ คุณสามารถเริ่มได้ด้วยการเลือกคำถามจากด้านซ้าย",
    "team.title": "ทีมงาน",
    "team.role.mulraf": "หัวหน้าโปรเจคและผู้พัฒนาหลัก",
    "team.role.hubz": "ผู้พัฒนาและหัวหน้าออกแบบ",
    "team.role.electroyan": "ผู้จัดการข้อมูลการจัดอันดับ",
    "team.role.remyria": "ผู้จัดการคอมมูนิตี้",
    "team.role.generic.snapshotsManager": "ผู้จัดการ Snapshots",
    "team.role.generic.snapshotsDeveloper": "ผู้พัฒนา Snapshots",
    "harumachi.title": "Harumachi Cup Omega. ครั้งสุดท้าย.",
    "harumachi.text": "ทัวร์นาเมนต์ osu! ห่วยแตกที่ดีที่สุดกลับมาเป็นครั้งสุดท้าย มาดูสิ!"
}