{
    "searchbar.placeholder": "ค้นหาเหรียญตรา",
    "searchbar.filters.tooltip": "ตัวกรองการค้นหา",
    "searchbar.filters.title": "ตัวเลือกการกรอง",
    "searchbar.filters.unobtainedMedals": "เหรียญตราที่ยังไม่ได้",
    "solution.title": "เฉลย",
    "beatmaps.title": "แมพ <p id=\"beatmap_count\" class=\"medals__bm-count\">0</p>",
    "beatmaps.note.add": "เพิ่มหมายเหตุ",
    "beatmaps.note.view": "ดูหมายเหตุ",
    "beatmaps.note.title": "หมายเหตุ",
    "beatmap.by": "โดย",
    "beatmap.mappedBy": "แมพโดย",
    "beatmap.viewOnOsu": "ดูบีทแมพแพ็คที่ <strong>osu.ppy.sh</strong>",
    "beatmap.downloadWithDirect": "โหลดด้วย<strong> osu!direct</strong>",
    "beatmap.report": "รีพอร์ทแมพนี้",
    "beatmap.delete": "ลบแมพนี้",
    "video.title": "วิดีโอ",
    "beatmaps.add": "เพิ่มแมพ",
    "beatmaps.add.title": "เพิ่มแมพ",
    "beatmaps.add.body": "เพิ่มแมพใส่ในเหรียญตรา $1",
    "beatmaps.add.p1": "แมพที่ใส่ไปนี้ต้องทำให้ได้เหรียญตรา ถ้าไม่ได้แมพนี้จะถูกนำออกจากรายการ",
    "beatmaps.add.url.placeholder": "ลิงค์แมพ",
    "beatmaps.add.note.placeholder": "หมายเหตุ"
}