{
    "profile.viewOnOsekaiProfiles": "<light>ดูโปรไฟล์บน</light> osekai profiles",
    "profile.viewOnOsu": "<light>ดูโปรไฟล์บน</light> osu!",
    "profile.logOut": "ออกจากระบบ",
    "profile.experimentalMode": "ตอนนี้คุณอยู่ในโหมดทดลอง บางส่วนของเว็บอาจจะใช้ไม่ได้",
    "profile.logIn": "เข้าสู่ระบบ<light>ด้วย</light> osu!",
    "search.placeholder": "เซิชหาอะไรซักอย่าง. อะไรก็ได้.",
    "search.noResults": "ไม่พบผลการค้นหา",
    "settings.title": "การตั้งค่า <strong>osekai</strong>",
    "settings.subtitle": "ทำให้ osekai เป็นแบบของคุณ",
    "settings.global.title": "ทั่วโลก",
    "settings.global.theme": "ธีม",
    "settings.global.theme.light": "ธีมสว่าง",
    "settings.global.theme.dark": "ธีมมืด",
    "settings.global.theme.ultraDark": "ธีมมืดพิเศษใส่ไข่",
    "settings.global.theme.coldDark": "ธีมมืดเย็น",
    "settings.global.theme.system": "ธีมระบบ",
    "settings.global.language": "ภาษา",
    "settings.profiles.title": "โปรไฟล์",
    "settings.profiles.showMedalsFromAllModes": "แสดงเหรียญตราจากทุกโหมด",
    "notifications.title": "<strong>การแจ้งเตือน</strong>",
    "apps.support": "สนับสนุน osekai!",
    "apps.twitter": "ดู osekai บน twitter!",
    "apps.discord": "เข้าเซิฟ Discord ของ osu! Medal Hunters!",
    "apps.contact": "ติดต่อเรา",
    "apps.privacy": "นโยบายความเป็นส่วนตัว",
    "apps.developmentDiscord": "เข้าเซิฟเวอร์การพัฒนาของเรา",
    "tooltip.notifications": "การแจ้งเตือน",
    "tooltip.settings": "การตั้งค่า",
    "tooltip.search": "ค้นหา"
}