{
    "home.panel.body": "ดูโปรไฟล์ osu! ของคุณกับรายละเอียดที่เพิ่มขึ้น",
    "home.yourProfile.title": "ลองดู",
    "home.yourProfile.subtitle": "<strong>โปรไฟล์</strong>ของคุณ",
    "home.recentlyViewed.title": "ที่เข้าชมล่าสุด",
    "home.mostViewed.title": "เข้าชมมากที่สุด",
    "home.globalRankings.title": "อันดับทั่วโลก",
    "profile.bar.user": "โปรไฟล์",
    "profile.bar.user.new": "โปรไฟล์ของ <strong>$1</strong>",
    "profile.bar.user.new-s": "โปรไฟล์ของ <strong>$1</strong>",
    "profile.info.joined": "<span class=\"light\">เริ่มเล่น</span> $1",
    "profile.info.playsWith": "<span class=\"light\">ใช้</span> $1 <span class=\"light\">เล่น</span>",
    "profile.timeline.title": "ไทม์ไลน์",
    "profile.timeline.addEntry": "เพิ่มรายการ",
    "profile.timeline.addEntry.placeholder": "อะไรบางอย่างที่น่าสนใจเกิดขึ้น...",
    "profile.goals.title": "เป้าหมาย",
    "profile.goals.welcome.title": "ยินดีต้อนรับสู่ <strong>Goals</strong>",
    "profile.goals.welcome.body": "Goals เป็นวิธีที่เอาไว้ติด ตามเป้าหมายของคุณบน osu! ตั้งแต่ปริมาณเหรียญตรา แบดจ์ และอันดับ! คุณสามารถใส่เป้าหมายได้ด้านล่าง ทางด้านซ้ายคือประเภทของเป้าหมาย และเพื่อจะเพิ่มเป้าหมายของคุณก็กดปุ่มบวกด้านขวา!",
    "profile.goals.welcome.close": "หน้าจอนี้จะปิดโดยอัตโนมัติ<br>เมื่อคุณสร้างเป้าหมายอันแรกสำเร็จ",
    "profile.goals.input.placeholder": "ปริมาณ",
    "profile.goals.pp": "pp",
    "profile.goals.rank": "อันดับ",
    "profile.goals.medals": "เหรียญตรา",
    "profile.goals.ssCount": "จำนวน SS",
    "profile.goals.badges": "แบดจ์",
    "profile.goals.level": "เลเวล",
    "profile.goals.goal.title": "ไปถึง <strong>$1</strong> ใน <strong>$2</strong>",
    "profile.goals.goal.subtitle": "$1 ($2%)",
    "profile.goals.goal.started": "เริ่มในวันที่ <strong>$1</strong>",
    "profile.goals.goalType": "ประเภทเป้าหมาย",
    "profile.stats.title": "ข้อมูลรายละเอียด",
    "profile.stats.globalRank": "อันดับทั่วโลก",
    "profile.stats.countryRank": "อันดับในประเทศ",
    "profile.stats.accuracy": "ความแม่นยำ",
    "profile.stats.pp": "pp",
    "profile.stats.playtime": "เวลาการเล่นทั้งหมด",
    "profile.stats.plays": "จำนวนครั้งที่เล่น",
    "profile.medals.title": "เหรียญตรา",
    "profile.medals.medals": "เหรียญตรา",
    "profile.medals.rank": "อันดับปริมาณเหรียญตรา",
    "profile.medals.completion": "เปอร์เซนต์ของเหรียญตราที่มี",
    "profile.medals.togo": "ต้องได้อีก $1 เหรียญตรา",
    "profile.medals.until": "เพื่อจะไปถึง",
    "profile.medals.rarest": "เหรียญตราที่<strong>หายากที่สุด</strong>",
    "profile.medals.onlyPercent": "ผู้เล่นเพียงแค่ $1 มีเหรียญตรานี้!",
    "profile.medals.percentOfPlayers": "$1 ของผู้เล่น",
    "profile.medals.history.new": "$1<br>เหรียญตรา<br>ใหม่",
    "profile.snapshots.title": "เวอร์ชั่นที่ได้อัพโหลดขึ้นไปบน <light>Osekai Snapshots</light>",
    "profile.snapshots.uploadDate": "อัพโหลดขึ้น Snapshots เมื่อ <strong>$1</strong>",
    "profile.snapshots.uploadDateUnknown": "ไม่ทราบวันที่อัพโหลด",
    "loading": "กำลังโหลดโปรไฟล์"
}