{
    "home.addUser.title": "เพิ่มผู้เล่น!",
    "home.addUser.loggedIn": "เนื่องจากคุณเข้าสู่ระบบแล้ว ชื่อของคุณได้ถูกเพิ่มเข้าไปเรียบร้อย! ชื่อคุณจะถูกประมวลผลในรอบถัดไป",
    "home.addUser.loggedOut": "ถ้าคุณอยากจะเพิ่มชื่อของคุณเข้าไปใน Osekai Rankings เพียงแค่เข้าสู่ระบบด้วยบัญชี osu! ของคุณ เพียงคลิกปุ่มที่อยู่ด้านขวาบนเพื่อเข้าสู่ระบบ",
    "home.addUser.addAnotherUser.title": "เพิ่มผู้เล่นอีก",
    "home.addUser.addAnotherUser.loggedOut": "เข้าสู่ระบบเพื่อเพิ่มผู้เล่น",
    "home.addUser.addAnotherUser.placeholder": "ID ผู้เล่น",
    "home.addUser.addAnotherUser.button": "เพิ่ม",
    "general.medals.title": "เหรียญตรา",
    "general.allmode.title": "ทุกโหมด",
    "general.mappers.title": "คนทำแมพ",
    "general.badges.title": "แบดจ์",
    "general.medals.users": "ผู้เล่น",
    "general.medals.rarity": "ความหายาก",
    "general.allmode.replays": "รีเพลย์",
    "general.allmode.standardDeviation": "ส่วนเบี่ยงเบนมาตรฐาน",
    "general.allmode.total": "pp รวม",
    "general.mappers.ranked": "จำนวนแมพที่ได้จัดอันดับ",
    "general.mappers.loved": "จำนวนแมพที่ได้ Loved",
    "general.mappers.subscribers": "ผู้ติดตาม",
    "general.badges.badges": "แบดจ์",
    "general.medals.users.subheader": "ลีเดอร์บอร์ดของผู้เล่น เรียงโดยปริมาณเหรียญตรา!",
    "general.medals.rarity.subheader": "เคยสงสัยไหมว่าแต่ละเหรียญตราหายากแค่ไหน? หาคำตอบได้ที่นี่!",
    "general.allmode.replays.subheader": "ผู้เล่นเรียงโดยปริมาณคนดูรีเพลย์!",
    "general.allmode.standardDeviation.subheader": "ผู้เล่นเรียงโดย pp เบี่ยงเบนมาตรฐาน!",
    "general.allmode.total.subheader": "ผู้เล่นเรียงโดย pp ของทุกโหมดรวมกัน!",
    "general.mappers.ranked.subheader": "ดูว่าใครเป็นคนทำแมพจัดอันดับได้มากที่สุด!",
    "general.mappers.loved.subheader": "ดูว่าใครเป็นคนทำแมพ Loved ได้มากที่สุด!",
    "general.mappers.subscribers.subheader": "ดูว่าใครเป็นคนมีผู้ติดตามมากที่สุด!",
    "general.badges.badges.subheader": "แบดจ์",
    "bar.general.with": "มี",
    "bar.medals.users.rarestMedal": "เหรียญตราที่หายากที่สุด",
    "bar.medals.users.medalCompletion": "เปอร์เซนต์ของ<span class='light'>เหรียญตรา</span>ที่มี",
    "bar.medals.rarity.heldBy": "มีคนมี",
    "bar.medals.rarity.only": "เท่านั้น",
    "bar.allmode.standardDeviation.standardDeviationPP": "pp เบี่ยงเบนมาตรฐาน",
    "bar.allmode.standardDeviation.totalPP": "pp รวม",
    "bar.allmode.standardDeviation.replaysWatched": "ดูรีเพลย์โดยผู้อื่น",
    "bar.mappers.ranked.rankedMaps": "แมพที่ได้จัดอันดับ",
    "bar.mappers.loved.lovedMaps": "แมพที่ได้ Loved",
    "bar.mappers.subscribers.subscribers": "ผู้ติดตาม",
    "bar.badges.badges.badges": "แบดจ์",
    "pagination.previous": "ย้อนกลับ",
    "pagination.next": "ถัดไป",
    "search.username": "ชื่อผู้ใช้",
    "search.userID": "ID ผู้เล่น",
    "search.country": "ประเทศ",
    "search.rarestMedal": "เหรียญตราที่หายากที่สุด",
    "search.mode": "โหมด",
    "search.group": "ประเภท",
    "search.placeholder": "ค้นหาที่นี่!"
}