{
    "sidebar.search.placeholder": "ค้นหาเวอร์ชั่น",
    "sidebar.submission": "มีเวอร์ชั่นที่เจ๋งไหม? ส่งไปที่ Osekai Snapshots เลย!",
    "submit.title": "ส่งเวอร์ชั่น!",
    "submit.versionName.title": "ชื่อเวอร์ชั่น",
    "submit.versionName.description": "ในเวอร์ชั่นส่วนใหญ่คุณสามารถหาได้ที่ใต้สุดของเมนูออปชั่น",
    "submit.versionName.placeholder": "เช่น b20200905.1",
    "submit.versionFile.title": "ไฟล์เวอร์ชั่น",
    "submit.versionFile.description": "เราต้องใช่เป็นไฟล์ ZIP ของเวอร์ชั่น คุณสามารถอัพโหลดได้โดยใช้บริการอย่าง Google Drive อย่าลืมลบไฟล์ config ของคุณด้วยล่ะ!",
    "submit.versionInfo.title": "รายละเอียดเวอร์ชั่น",
    "submit.versionInfo.description": "บอกเกี่ยวกับเวอร์ชั่นของคุณหน่อย! จะเขียนสั้นหรือยาวก็ได้ แล้วแต่เลย!",
    "submit.versionInfo.placeholder": "ตัวอย่างเช่น เวอร์ชั่นนี้มันสุดยอดมากและมีฟีเจอร์ใหม่เต็มเลย! (แต่เขียนอังกฤษเถอะนะ เขาอ่านไม่ออก)",
    "submit.submit": "ส่งเวอร์ชั่น",
    "submit.warning.header": "ก่อนส่งเวอร์ชั่นนี้ เช็คให้แน่ใจก่อนว่าคุณไม่ลืมลบไฟล์ config",
    "submit.warning.body": "ไฟล์ config นั้นอาจจะมีข้อมูลการเข้าสู่ระบบ osu! ของคุณ ทั้งชื่อและรหัสผ่าน โปรดให้แน่ใจก่อนว่าคุณลบไฟล์เหล่านี้แล้ว",
    "submit.warning.confirm": "ฉันลบไฟล์เหล่านั้นแล้ว",
    "submit.warning.cancel": "กูลืม! กลับไปก่อน!",
    "submit.warning.footer": "ถ้าคุณเผลอส่งเวอร์ชั่นที่ติดไฟล์ config ไป โปรดติดต่อแอดมินให้นำออกทันที",
    "submit.success.header": "ขอบคุณสำหรับการส่ง เราจะดูให้เร็วที่สุด!",
    "version.released": "ปล่อยเมื่อ $1",
    "version.archivedBy": "จัดเก็บถาวรโดย $1",
    "version.description.title": "รายละเอียด",
    "version.downloads.title": "ปริมาณดาวน์โหลด",
    "version.download.title": "ดาวน์โหลด",
    "version.download.recommended": "แนะนำ",
    "version.download.from": "จาก $1",
    "version.extraInfo.title": "ข้อมูลเพิ่มเติม",
    "version.warnings.title": "คำเตือน",
    "version.warnings.automaticallyUpdated.title": "อัพเดตโดยอัตโนมัติ",
    "version.warnings.automaticallyUpdated.description": "Client นี้เดิมโดนอัพเดทอัตโนมัติ เราได้ใช้ไฟล์ _staging เพื่อหยุดการอัพเดทอัตโนมัติ",
    "version.warnings.requiresServer.title": "ต้องมีเซิฟเวอร์",
    "version.warnings.requiresServer.description": "Client นี้เปิดไม่ได้หากไม่ได้ชื่อมต่อกับเซิฟเวอร์ส่วนตัว",
    "version.screenshots": "สกรีนช็อต",
    "home.welcome": "ยินดีต้อนรับสู่ศูนย์กลางของ osu!archive!",
    "home.welcome.description": "เรากำลังพัฒนาเว็บนี้อย่างจริงจังมาก และเราพร้อมที่จะรับฟังความเห็นของคุณ!",
    "home.welcome.title": "หน้าหลัก",
    "home.slogan": "เก็บ osu! $1 เวอร์ชั่นย้อนกลับไปตั้งแต่ปี 2007!",
    "home.slogan.unloaded": "เก็บเวอร์ชั่น osu! ย้อนกลับไปตั้งแต่ปี 2007!"
}