{
    "title": "Precisa de ajuda ou tem alguma ideia? Entre em contato conosco!",
    "header": "Somos uma equipe pequena, e se você tiver algo que queira discutir ou qualquer coisa que precisar de ajuda no osekai, ficaremos felizes em ajudar!",
    "body.p1": "A melhor maneira de entrar em contato conosco é se juntar ao Discord do osu! Medal Hunters.",
    "body.p2": "O link para este servidor está na página inicial e no menu de aplicativos localizado no canto superior esquerdo da página.",
    "siteOwner": "Proprietário do Site: $1",
    "snapshots": "Para quaisquer problemas ou pedidos sobre o Osekai Snapshots, por favor contate Hubz em hubz@hubza.co.uk"
}