{
    "medal": "medalha",
    "medals": "medalhas",
    "club": "clube",
    "date_released": "liberado $1",
    "date_added": "adicionado $1",
    "date_updated": "atualizado $1",
    "date_posted": "postado $1",
    "date_submitted": "enviado",
    "date_last_played": "jogado pela última vez $1",
    "submit": "Enviar",
    "add": "Adicionar",
    "update": "Atualizar",
    "delete": "Excluir",
    "cancel": "Cancelar",
    "global": "Global",
    "saveChanges": "Salvar alterações",
    "remove": "Remover",
    "close": "Fechar",
    "language.switch": "Alterando idioma!",
    "locked.login": "Faça login para usar este recurso!",
    "page.generatedIn": "Página gerada em $1 segundos.",
    "ok": "Okay"
}