{
    "cover.subtitle": "o lugar para <strong>rankings alternativos</strong>, <strong>informações detalhadas de perfil</strong>, <strong>soluções de medalha</strong>, <strong>centenas de versões</strong> e muito mais",
    "cover.madeFor": "feito para a comunidade de osu! pela <span><strong>equipe osekai</strong></span>",
    "new": "novo!",
    "new.text": "no <strong>osekai</strong>...",
    "new.introducing": "Apresentando nosso novo app:",
    "profiles.main": "Estamos trabalhando em uma nova maneira de visualizar e gerenciar seu perfil do osu!. Nós criamos novos recursos incríveis, como metas, linhas de tempo e muito mais. E depois de mais de um ano de desenvolvimento, finalmente está pronto. Confira!",
    "medals.main": "O melhor lugar para encontrar a solução de todas as medalhas do osu!, os melhores mapas para serem usados, e até mesmo discussões nos comentários!",
    "snapshots.main": "Experiencie o sentimento nostálgico das versões mais antigas do osu!, ou confira algumas das versões mais especiais na nova página inicial do osu!archive!",
    "rankings.main": "O único lugar para encontrar rankings alternativos do osu! para medalhas, mapas rankeados, e muito mais.",
    "badges.main": "O melhor lugar para encontrar quase todas as badges do osu! e quem as possuem.",
    "discord.title": "Junte-se ao <strong>osu! medal hunters</strong> Discord!",
    "discord.text": "Confira a maior comunidade de caçadores de medalhas do osu! no Discord, onde o Osekai também se encontra!",
    "support.title": "Nos apoie!",
    "support.text": "Nós somos apenas uma equipe pequena, e através das doações você estará nos ajudando a manter os nossos servidores funcionando e ajudando no nosso desenvolvimento!",
    "faq": "FAQ",
    "faq.title": "Perguntas Frequentes",
    "faq.welcome": "Boas-vindas ao FAQ do Osekai!",
    "faq.welcome.intro": "Aqui você pode encontrar a maior parte das perguntas sobre o Osekai. Selecione uma pergunta na barra lateral à esquerda para começar.",
    "team.title": "A Equipe",
    "team.role.mulraf": "Responsável pelo Projeto & Principal Desenvolvedor",
    "team.role.hubz": "Principal Desenvolvedor & Designer",
    "team.role.electroyan": "Engenheiro de Dados dos Rankings",
    "team.role.remyria": "Gerente de Comunidade",
    "team.role.generic.snapshotsManager": "Gerente das Snapshots",
    "team.role.generic.snapshotsDeveloper": "Desenvolvedor das Snapshots",
    "harumachi.title": "Harumachi Cup Omega. O ultimato.",
    "harumachi.text": "O melhor pior torneio de osu! retorna pela última vez. Confira!"
}