{
    "searchbar.placeholder": "procure por uma medalha",
    "searchbar.filters.tooltip": "Filtros de Busca",
    "searchbar.filters.title": "Opções de filtro",
    "searchbar.filters.unobtainedMedals": "Medalhas Não Obtidas",
    "solution.title": "Solução",
    "beatmaps.title": "Beatmaps <p id=\"beatmap_count\" class=\"medals__bm-count\">0</p>",
    "beatmaps.note.add": "adicionar uma nota",
    "beatmaps.note.view": "ver nota",
    "beatmaps.note.title": "Nota",
    "beatmap.by": "por",
    "beatmap.mappedBy": "mapeado por",
    "beatmap.viewOnOsu": "Ver o pacote de beatmaps em <strong>osu.ppy.sh</strong>",
    "beatmap.downloadWithDirect": "baixar com<strong> osu!direct</strong>",
    "beatmap.report": "reportar este beatmap",
    "beatmap.delete": "deletar este beatmap",
    "video.title": "Vídeo",
    "beatmaps.add": "Adicionar Beatmap",
    "beatmaps.add.title": "Adicionar um beatmap",
    "beatmaps.add.body": "Adicionar um beatmap à medalha $1",
    "beatmaps.add.p1": "Tenha em mente que este beatmap deve resultar na medalha no qual está sendo adicionado. Caso contrário, o beatmap será removido da lista.",
    "beatmaps.add.url.placeholder": "URL do Beatmap",
    "beatmaps.add.note.placeholder": "Nota"
}