{
    "profile.viewOnOsekaiProfiles": "<light>ver perfil em</light> osekai profiles",
    "profile.viewOnOsu": "<light>ver perfil em</light> osu!",
    "profile.logOut": "desconectar",
    "profile.experimentalMode": "Você está no Modo Experimental. As coisas podem não funcionar corretamente.",
    "profile.logIn": "log in <light>com</light> osu!",
    "search.placeholder": "busque por algo, qualquer coisa.",
    "search.noResults": "Nenhum resultado encontrado",
    "settings.title": "<strong>configurações</strong> do osekai",
    "settings.subtitle": "deixe o osekai do seu jeito",
    "settings.global.title": "global",
    "settings.global.theme": "tema",
    "settings.global.theme.light": "tema claro",
    "settings.global.theme.dark": "tema escuro",
    "settings.global.theme.ultraDark": "tema ultra escuro",
    "settings.global.theme.coldDark": "tema frio e calculista",
    "settings.global.theme.system": "tema do sistema",
    "settings.global.language": "idioma",
    "settings.profiles.title": "perfis",
    "settings.profiles.showMedalsFromAllModes": "mostrar medalhas de todos os modos",
    "notifications.title": "<strong>notificações</strong>",
    "apps.support": "apoie o osekai!",
    "apps.twitter": "confira o osekai no twitter!",
    "apps.discord": "junte-se ao Discord osu! Medal Hunters!",
    "apps.contact": "fale conosco",
    "apps.privacy": "políticas de privacidade",
    "apps.developmentDiscord": "junte-se ao nosso servidor de desenvolvimento",
    "tooltip.notifications": "Notificações",
    "tooltip.settings": "Configurações",
    "tooltip.search": "Pesquisar"
}