{
    "home.panel.body": "uma versão detalhada do seu perfil do osu!",
    "home.yourProfile.title": "confira",
    "home.yourProfile.subtitle": "seu <strong>perfil</strong>",
    "home.recentlyViewed.title": "Visualizado Recentemente",
    "home.mostViewed.title": "Mais Vistos",
    "home.globalRankings.title": "Classificações Globais",
    "profile.bar.user": "Perfil",
    "profile.bar.user.new": "Perfil de <strong>$1</strong>",
    "profile.bar.user.new-s": "Perfil de <strong>$1</strong>",
    "profile.info.joined": "<span class=\"light\">entrou em</span> $1",
    "profile.info.playsWith": "<span class=\"light\">joga com</span> $1",
    "profile.timeline.title": "Linha do tempo",
    "profile.timeline.addEntry": "Adicionar registro",
    "profile.timeline.addEntry.placeholder": "algo de interessante aconteceu...",
    "profile.goals.title": "Metas",
    "profile.goals.welcome.title": "Bem-vindo às <strong>Metas</strong>",
    "profile.goals.welcome.body": "As Metas são uma maneira de monitorar suas metas no osu!, desde contador de medalhas, metas de pp, e até badges e rank! Você pode adicionar uma meta abaixo. À esquerda é o tipo de meta, e para adicionar a meta basta clicar no botão de adição à direita!",
    "profile.goals.welcome.close": "Este painel fechará automaticamente quando<br>você tiver adicionado sua primeira meta.",
    "profile.goals.input.placeholder": "Quantidade",
    "profile.goals.pp": "pp",
    "profile.goals.rank": "rank",
    "profile.goals.medals": "medalhas",
    "profile.goals.ssCount": "Contagem de SS",
    "profile.goals.badges": "badges",
    "profile.goals.level": "nível",
    "profile.goals.goal.title": "Alcançar <strong>$1</strong> em <strong>$2</strong>",
    "profile.goals.goal.subtitle": "$1 ($2%)",
    "profile.goals.goal.started": "iniciou <strong>$1</strong>",
    "profile.goals.goalType": "Tipo de Meta",
    "profile.stats.title": "Estatísticas",
    "profile.stats.globalRank": "classificação global",
    "profile.stats.countryRank": "classificação nacional",
    "profile.stats.accuracy": "precisão",
    "profile.stats.pp": "pp",
    "profile.stats.playtime": "tempo de jogo",
    "profile.stats.plays": "vezes jogadas",
    "profile.medals.title": "Medalhas",
    "profile.medals.medals": "medalhas",
    "profile.medals.rank": "rank de medalhas",
    "profile.medals.completion": "conclusão de medalhas",
    "profile.medals.togo": "$1 medalhas",
    "profile.medals.until": "até",
    "profile.medals.rarest": "<strong>medalha mais rara</strong>",
    "profile.medals.onlyPercent": "apenas $1 possuem esta medalha!",
    "profile.medals.percentOfPlayers": "$1% dos jogadores",
    "profile.medals.history.new": "$1<br>novas<br>medalhas",
    "profile.snapshots.title": "Versões enviadas <light>para o Osekai Snapshots</light>",
    "profile.snapshots.uploadDate": "Enviado para o Snapshots <strong>$1</strong>",
    "profile.snapshots.uploadDateUnknown": "Data de envio desconhecida",
    "loading": "Carregando perfil"
}