{
    "home.addUser.title": "Adicione um usuário!",
    "home.addUser.loggedIn": "Como você está logado, você já foi adicionado! Você será processado no próximo loop.",
    "home.addUser.loggedOut": "Para se adicionar ao Osekai Rankings, basta entrar com sua conta do osu!. Clique no botão no canto superior direito para fazer isso.",
    "home.addUser.addAnotherUser.title": "Adicionar outro usuário",
    "home.addUser.addAnotherUser.loggedOut": "Faça login para adicionar um usuário.",
    "home.addUser.addAnotherUser.placeholder": "ID de Usuário",
    "home.addUser.addAnotherUser.button": "Adicionar",
    "general.medals.title": "Medalhas",
    "general.allmode.title": "Todos os modos",
    "general.mappers.title": "Mappers",
    "general.badges.title": "Badges",
    "general.medals.users": "Usuários",
    "general.medals.rarity": "Raridade",
    "general.allmode.replays": "Replays",
    "general.allmode.standardDeviation": "Standard Deviation",
    "general.allmode.total": "PP total",
    "general.mappers.ranked": "Mapas Ranqueados",
    "general.mappers.loved": "Mapas loved",
    "general.mappers.subscribers": "Inscritos",
    "general.badges.badges": "Badges",
    "general.medals.users.subheader": "um ranking de usuários, separado pela quantidade de medalhas!",
    "general.medals.rarity.subheader": "já se perguntou quão raro cada medalha é? Descubra aqui!",
    "general.allmode.replays.subheader": "usuários separados pela quantidade de replays visualizados!",
    "general.allmode.standardDeviation.subheader": "usuários separados por standard deviation pp!",
    "general.allmode.total.subheader": "usuários separados por seu pp combinado em todos os modos!",
    "general.mappers.ranked.subheader": "descubra quem é o maior mappper ranked!",
    "general.mappers.loved.subheader": "descubra quem é o maior mappper loved!",
    "general.mappers.subscribers.subheader": "descubra quem é o usuário com mais inscritos!",
    "general.badges.badges.subheader": "badges",
    "bar.general.with": "com",
    "bar.medals.users.rarestMedal": "medalha mais rara",
    "bar.medals.users.medalCompletion": "<span class='light'>conclusão</span> de medalhas",
    "bar.medals.rarity.heldBy": "possuído por",
    "bar.medals.rarity.only": "apenas",
    "bar.allmode.standardDeviation.standardDeviationPP": "standard deviated pp",
    "bar.allmode.standardDeviation.totalPP": "pp total",
    "bar.allmode.standardDeviation.replaysWatched": "replays assistidos",
    "bar.mappers.ranked.rankedMaps": "mapas ranqueados",
    "bar.mappers.loved.lovedMaps": "mapas loved",
    "bar.mappers.subscribers.subscribers": "inscritos",
    "bar.badges.badges.badges": "badges",
    "pagination.previous": "anterior",
    "pagination.next": "próximo",
    "search.username": "Nome de usuário",
    "search.userID": "ID de Usuário",
    "search.country": "País",
    "search.rarestMedal": "Medalha mais Rara",
    "search.mode": "Modo",
    "search.group": "Grupo",
    "search.placeholder": "procure aqui!"
}