{
    "new.finished.title": "Reportado!",
    "new.finished.button": "Certo!",
    "new.comment.title": "Denunciar este comentário",
    "new.beatmap.title": "Reportar este beatmap",
    "new.bug.title": "Reporte um bug",
    "new.comment.body": "Você está reportando este comentário. Por favor, nos dê informações detalhadas sobre o motivo desse comentário ser analisado e removido. Por favor, evite reportar comentários como um tipo de piada.",
    "new.beatmap.body": "Você está reportando esta sugestão de beatmap. Por favor, conte-nos por que você acha que este beatmap não é adequado para esta medalha e por que ele deve ser removido.",
    "new.bug.body": "Se você está experienciando problemas com o Osekai, você pode reportá-lo aqui! Nos detalhe sobre e onde o problema está ocorrendo, e quais foram suas tentativas de corrigí-lo.<br>Se ainda não utilizou, favor pressione CTRL+F5. Navegadores geralmente armazenam em cache ou retêm os arquivos do servidor localmente por alguns dias, e às vezes estes podem estar desatualizados e causar erros. CTRL+F5 reseta este cache, e geralmente concerta certos erros que talvez você possa estar experienciando.",
    "new.comment.finished": "Obrigado por denunciar este comentário! Iremos analisá-lo o mais rápido possível.",
    "new.beatmap.finished": "Obrigado por denunciar este beatmap! Iremos checar o mais rápido possível!",
    "new.bug.finished": "Thanks for reporting this bug. Our development team will loo k into it as soon as possible! If you have more questions or issues, feel free to contact us through the osu! Medal Hunters Discord server, found in the Apps dropdown in the top left.",
    "new.bug.finished.button": "Certo!",
    "logged-out": "Please log in to submit a report."
}