{
    "sidebar.search.placeholder": "procure por uma versão",
    "sidebar.submission": "Tem uma versão interessante? Envie para Osekai Snapshots!",
    "submit.title": "Envie uma versão!",
    "submit.versionName.title": "Nome da versão",
    "submit.versionName.description": "Você pode encontrar isso no final do menu de opções na maioria das versões.",
    "submit.versionName.placeholder": "ex.: b20200905.1",
    "submit.versionFile.title": "Arquivo de versão",
    "submit.versionFile.description": "Precisamos de um arquivo ZIP da versão. Você pode enviar um usando um serviço de upload, como o Google Drive. Lembre-se de excluir suas configurações!",
    "submit.versionInfo.title": "Informações da versão",
    "submit.versionInfo.description": "Nos conte um pouco sobre a sua versão! Pode ser curto ou longo, você que escolhe!",
    "submit.versionInfo.placeholder": "ex.: Esta versão é super incrível e vem com um monte de novidades!",
    "submit.submit": "Envie uma versão",
    "submit.warning.header": "Antes de enviar esta versão, certifique-se de que excluiu todos os arquivos de configuração.",
    "submit.warning.body": "Estes arquivos de configuração podem conter os detalhes de login do osu!, como nome de usuário e senha. Por favor, certifique-se de ter-los removido.",
    "submit.warning.confirm": "Eu removi estes arquivos.",
    "submit.warning.cancel": "Eu esqueci! Deixe-me voltar.",
    "submit.warning.footer": "Se você acidentalmente enviou uma versão com um arquivo de configuração, entre em contato com um administrador para removê-lo imediatamente.",
    "submit.success.header": "Obrigado pelo seu envio! Nós vamos dar uma olhada assim que possível!",
    "version.released": "lançado $1",
    "version.archivedBy": "arquivado por $1",
    "version.description.title": "Descrição",
    "version.downloads.title": "Downloads",
    "version.download.title": "baixar",
    "version.download.recommended": "recomendado",
    "version.download.from": "de $1",
    "version.extraInfo.title": "Informação extra",
    "version.warnings.title": "Avisos",
    "version.warnings.automaticallyUpdated.title": "Atualizado Automaticamente",
    "version.warnings.automaticallyUpdated.description": "Este cliente foi originalmente atualizado automaticamente. Nós aplicamos um arquivo _staging para prevenir isso.",
    "version.warnings.requiresServer.title": "Requer Servidor",
    "version.warnings.requiresServer.description": "Este cliente não pode ser aberto sem se conectar a um servidor privado.",
    "version.screenshots": "Capturas",
    "home.welcome": "Bem-vindo(a) à nova casa do osu!archive!",
    "home.welcome.description": "nós estivemos trabalhando duro no nosso novo site, e nós não podemos esperar para ouvir o que você acha!",
    "home.welcome.title": "Página inicial",
    "home.slogan": "arquivando $1 versões do osu! de 2007 até agora!",
    "home.slogan.unloaded": "arquivando versões do osu! de 2007 até agora!"
}