{
    "badges.title": "Odznaki ($1)",
    "sort.awardedAt.asc": "Przyznana w (rosnąco)",
    "sort.awardedAt.desc": "Przyznana w (malejąco)",
    "sort.name.asc": "Nazwa (a-z)",
    "sort.name.desc": "Nazwa (z-a)",
    "sort.playerCount.asc": "Liczba graczy (rosnąca)",
    "sort.playerCount.desc": "Liczba graczy (malejąca)",
    "search.placeholder": "szukaj odznaki!",
    "badge.firstAchieved": "pierwszy raz zdobyto <strong>$1</strong>",
    "badge.ownedBy": "posiadane przez <strong>$1</strong> graczy",
    "badge.ownedBySingular": "posiadane przez <strong>$1</strong> gracza",
    "badge.popup.playersWhoHave": "<strong>gracze</strong> posiadający tę odznakę",
    "badge.popup.1xVariant": "<strong>wariant</strong><br>@1x",
    "paused": "Przetwarzanie dla Osekai Badges jest obecnie wstrzymane. Wyświetlane będą tylko odznaki sprzed $1.",
    "viewtype.grid": "Kafelki",
    "viewtype.compactList": "Lista kompaktowa",
    "viewtype.list": "Lista",
    "viewtype.ultraCompact": "Ultra kompaktowy"
}