{
    "title": "Potrzebujesz pomocy lub masz jakieś pomysły? Skontaktuj się z nami!",
    "header": "Jesteśmy małym zespołem, więc jeżeli masz coś, co chcesz omówić lub potrzebujesz pomocy z osekai, z przyjemnością pomożemy!",
    "body.p1": "Najlepszym sposobem na skontaktowanie się z nami jest dołączenie na serwer Discord osu! Medal Hunters.",
    "body.p2": "Link do serwera znajduje się na stronie głównej oraz w rozwijanym menu w lewym górnym rogu strony.",
    "siteOwner": "Właściciel strony: $1",
    "snapshots": "W razie jakichkolwiek problemów lub próśb odnośnie Osekai Snapshots, prosimy o skontaktowanie się z Hubzem pod adresem hubz@hubza.co.uk"
}