{
    "title": "Dotacje nigdy nie są potrzebne, ale zawsze doceniane :)",
    "body.p1": "Używamy ich, by pokryć koszty prowadzenia strony. Dla przejrzystości na dole można zobaczyć wszystkie koszty, które wygenerowała strona osekai.",
    "body.p2": "Chcemy świadczyć wszystkie nasze usługi za darmo. Jedyną 'korzyścią', którą otrzymujesz za dotację, jest małe ❤ przy twojej nazwie przy komentowaniu oraz dostęp do kanału osekai development na discordzie, lecz podobne rzeczy mogą zostać dodane w przyszłości.",
    "body.p3": "Poniższa lista największych darczyńców nie będzie aktualizowana natychmiast. Ale nie martw się, będziemy pewni, że ją zaaktualizujemy gdy tylko zauważymy!",
    "donate.title": "Wesprzyj nas!",
    "donate.header": "Chcesz nas wesprzeć? Prosimy o wysłanie dotacji!",
    "donate.body": "Pamiętaj, aby pokazać swoją nazwę, musisz się zalogować!",
    "donate.paypal": "Wesprzyj nas przez PayPal",
    "donate.paysafecard": "Wesprzyj nas przez Paysafecard",
    "costs.title": "Koszty",
    "costs.covered": "pokryte koszty: $1 / $2",
    "top.title": "Najwięksi darczyńcy",
    "recent.title": "Najnowsze dotacje",
    "recent.message": "Wiadomość dotacji"
}