{
    "medal": "medal",
    "medals": "medale",
    "club": "club",
    "date_released": "data wydania: $1",
    "date_added": "dodano $1",
    "date_updated": "zaktualizowano $1",
    "date_posted": "opublikowano $1",
    "date_submitted": "przesłano",
    "date_last_played": "ostatnio grane dnia $1",
    "submit": "Prześlij",
    "add": "Dodaj",
    "update": "Aktualizuj",
    "delete": "Skasuj",
    "cancel": "Anuluj",
    "global": "Ogólne",
    "saveChanges": "Zatwierdź zmiany",
    "remove": "Usuń",
    "close": "Zamknij",
    "language.switch": "Zmienianie języka!",
    "locked.login": "Zaloguj się, aby użyć tej funkcji!",
    "page.generatedIn": "Strona załadowana w $1 sekundy.",
    "ok": "Okay"
}