{
    "cover.subtitle": "dom <strong>alternatywnych rankingów</strong>, <strong>dogłębnych informacji o profilu</strong>, <strong>rozwiązań medali</strong>, <strong>setek wersji</strong>, i wiele więcej",
    "cover.madeFor": "stworzone dla społeczności osu! przez <span>zespół <strong>osekai</strong> </span>",
    "new": "nowość!",
    "new.text": "w <strong>osekai</strong>...",
    "new.introducing": "Przedstawiamy naszą nową aplikację:",
    "profiles.main": "Pracowaliśmy nad nowym sposobem przeglądania i zarządzania Twoim profilem osu!. Wymyśliliśmy nowe niesamowite funkcje, takie jak Cele, Oś czasu, i wiele więcej. Po ponad roku czasu, wkońcu zostało to skończone. Sprawdź to!",
    "medals.main": "Najlepsze miejsce do znalezienia rozwiązań dla wszystkich medali osu!, najlepszych beatmap do użycia i nawet dyskusji w komentarzach!",
    "snapshots.main": "Doświadcz nostalgicznego uczucia wczesnych wersji osu!, lub sprawdź niektóre z bardziej specjalnych wersji w domu osu!archive!",
    "rankings.main": "Jedyne miejsce, w którym znajdziesz alternatywne rankingi osu! dla medali, rankingowych map i wiele więcej.",
    "badges.main": "Najlepsze miejsce, by znaleźć prawie wszystkie odznaki w osu!, wraz z ich właścicielami.",
    "discord.title": "Dołącz na serwer Discord <strong>osu! medal hunters</strong>!",
    "discord.text": "Zobacz największą społeczność łowców medali osu! na Discordzie, gdzie również przebywa Osekai!",
    "support.title": "Wesprzyj nas!",
    "support.text": "Jesteśmy tylko małym zespołem, a dzięki dotacjom, pomagasz nam utrzymać serwery i rozwijać się!",
    "faq": "FAQ",
    "faq.title": "Najczęściej zadawane pytania",
    "faq.welcome": "Witamy w Osekai FAQ!",
    "faq.welcome.intro": "Tutaj możesz znaleźć odpowiedzi na powszechne pytania dotyczące Osekai. Wybierz pytanie na pasku po lewej stronie, aby rozpocząć.",
    "team.title": "Nasz zespół",
    "team.role.mulraf": "Kierownik Projektu i Główny Deweloper",
    "team.role.hubz": "Deweloper i Główny Projektant",
    "team.role.electroyan": "Inżynier Danych Rankingowych",
    "team.role.remyria": "Menadżer Społeczności",
    "team.role.generic.snapshotsManager": "Menadżer Snapshots",
    "team.role.generic.snapshotsDeveloper": "Deweloper Snapshots",
    "harumachi.title": "Harumachi Cup Omega. Ostatnia edycja.",
    "harumachi.text": "Najlepszy najgorszy turniej osu! wraca po raz ostatni. Sprawdź go!"
}