{
    "searchbar.placeholder": "szukaj medalu",
    "searchbar.filters.tooltip": "Filtry wyszukiwania",
    "searchbar.filters.title": "Opcje filtrowania",
    "searchbar.filters.unobtainedMedals": "Niezdobyte medale",
    "solution.title": "Rozwiązanie",
    "beatmaps.title": "Beatmapy <p id=\"beatmap_count\" class=\"medals__bm-count\">0</p>",
    "beatmaps.note.add": "dodaj notkę",
    "beatmaps.note.view": "zobacz notkę",
    "beatmaps.note.title": "Notka",
    "beatmap.by": "autorstwa",
    "beatmap.mappedBy": "mapa autorstwa",
    "beatmap.viewOnOsu": "Zobacz paczkę beatmap na <strong>osu.ppy.sh</strong>",
    "beatmap.downloadWithDirect": "pobierz za pomocą<strong> osu!direct</strong>",
    "beatmap.report": "zgłoś beatmapę",
    "beatmap.delete": "usuń beatmapę",
    "video.title": "Wideo",
    "beatmaps.add": "Dodaj beatmapę",
    "beatmaps.add.title": "Dodaj beatmapę",
    "beatmaps.add.body": "Dodaj beatmapę do medalu $1",
    "beatmaps.add.p1": "Pamiętaj, że mapa ta musi skutkować otrzymaniem medalu. Jeśli nie, to zostanie ona usunięta z listy.",
    "beatmaps.add.url.placeholder": "URL Beatmapy",
    "beatmaps.add.note.placeholder": "Notka"
}