{
    "profile.viewOnOsekaiProfiles": "<light>wyświetl profil na</light> osekai profiles",
    "profile.viewOnOsu": "<light>wyświetl profil na</light> osu!",
    "profile.logOut": "wyloguj się",
    "profile.experimentalMode": "Jesteś obecnie w trybie eksperymentalnym. Niektóre funkcje mogą nie działać poprawnie.",
    "profile.logIn": "zaloguj się <light>za pomocą</light> osu!",
    "search.placeholder": "szukaj czegoś. czegokolwiek.",
    "search.noResults": "Nie znaleziono wyników",
    "settings.title": "ustawienia <strong>osekai</strong>",
    "settings.subtitle": "skonfiguruj osekai dla własnych potrzeb",
    "settings.global.title": "ogólne",
    "settings.global.theme": "motyw",
    "settings.global.theme.light": "jasny motyw",
    "settings.global.theme.dark": "ciemny motyw",
    "settings.global.theme.ultraDark": "ultra ciemny motyw",
    "settings.global.theme.coldDark": "zimno-ciemny motyw",
    "settings.global.theme.system": "motyw systemowy",
    "settings.global.language": "język",
    "settings.profiles.title": "profiles",
    "settings.profiles.showMedalsFromAllModes": "pokaż medale ze wszystkich trybów",
    "notifications.title": "<strong>powiadomienia</strong>",
    "apps.support": "wspieraj osekai!",
    "apps.twitter": "sprawdź osekai na twitterze!",
    "apps.discord": "dołącz na serwer discord osu! Medal Hunters!",
    "apps.contact": "skontaktuj się z nami",
    "apps.privacy": "polityka prywatności",
    "apps.developmentDiscord": "join our development server",
    "tooltip.notifications": "Powiadomienia",
    "tooltip.settings": "Ustawienia",
    "tooltip.search": "Szukaj"
}