{
    "home.panel.body": "dogłębne spojrzenie na twój profil osu!",
    "home.yourProfile.title": "zobacz",
    "home.yourProfile.subtitle": "swój <strong>profil</strong>",
    "home.recentlyViewed.title": "Ostatnio oglądane",
    "home.mostViewed.title": "Najczęściej oglądane",
    "home.globalRankings.title": "Ranking globalny",
    "profile.bar.user": "Profil",
    "profile.bar.user.new": "<strong>Profil użytkownika</strong> $1",
    "profile.bar.user.new-s": "<strong>Profil użytkownika</strong> $1",
    "profile.info.joined": "<span class=\"light\">dołączono</span> $1",
    "profile.info.playsWith": "<span class=\"light\">gra z</span> $1",
    "profile.timeline.title": "Oś czasu",
    "profile.timeline.addEntry": "Dodaj rekord",
    "profile.timeline.addEntry.placeholder": "coś ciekawego się stało...",
    "profile.goals.title": "Cele",
    "profile.goals.welcome.title": "Witaj w <strong>Celach</strong>",
    "profile.goals.welcome.body": "Cele są sposobem na śledzenie Twoich celów w osu!, od liczby medali, do celów pp, a nawet do odznak i ranku! Możesz dodać cel poniżej. Po lewej znajduje się typ celu, a żeby dodać cel, kliknij w przycisk plusa po prawej!",
    "profile.goals.welcome.close": "Ten panel zamknie się automatycznie, kiedy<br>dodasz swój pierwszy cel.",
    "profile.goals.input.placeholder": "Ilość",
    "profile.goals.pp": "pp",
    "profile.goals.rank": "rank",
    "profile.goals.medals": "medale",
    "profile.goals.ssCount": "Liczba SS",
    "profile.goals.badges": "odznaki",
    "profile.goals.level": "poziom",
    "profile.goals.goal.title": "Osiągnij <strong>$1</strong> w <strong>$2</strong>",
    "profile.goals.goal.subtitle": "$1 ($2%)",
    "profile.goals.goal.started": "rozpoczęto <strong>$1</strong>",
    "profile.goals.goalType": "Typ celu",
    "profile.stats.title": "Statystyki",
    "profile.stats.globalRank": "globalny ranking",
    "profile.stats.countryRank": "krajowy ranking",
    "profile.stats.accuracy": "celność",
    "profile.stats.pp": "pp",
    "profile.stats.playtime": "łączny czas gry",
    "profile.stats.plays": "ilość zagrań",
    "profile.medals.title": "Medale",
    "profile.medals.medals": "medale",
    "profile.medals.rank": "ranking medali",
    "profile.medals.completion": "procent ukończenia medali",
    "profile.medals.togo": "$1 medali",
    "profile.medals.until": "do",
    "profile.medals.rarest": "<strong>najrzadszy</strong> medal",
    "profile.medals.onlyPercent": "tylko $1 posiada ten medal!",
    "profile.medals.percentOfPlayers": "$1% graczy",
    "profile.medals.history.new": "$1<br>nowych<br>medali",
    "profile.snapshots.title": "Wersje przesłane <light>na Osekai Snapshots</light>",
    "profile.snapshots.uploadDate": "Przesłane na Snapshots <strong>$1</strong>",
    "profile.snapshots.uploadDateUnknown": "Data przesłania nieznana",
    "loading": "Ładowanie profilu"
}