{
    "home.addUser.title": "Dodaj użytkownika!",
    "home.addUser.loggedIn": "Ponieważ jesteś zalogowany, zostałeś już dodany! Zostaniesz przetworzony w następnej pętli.",
    "home.addUser.loggedOut": "Aby dołączyć do Osekai Rankings, wystarczy zalogować się do swojego konta osu!. W tym celu kliknij przycisk w prawym górnym rogu.",
    "home.addUser.addAnotherUser.title": "Dodaj innego użytkownika",
    "home.addUser.addAnotherUser.loggedOut": "Zaloguj się, aby dodać użytkownika.",
    "home.addUser.addAnotherUser.placeholder": "ID użytkownika",
    "home.addUser.addAnotherUser.button": "Dodaj",
    "general.medals.title": "Medale",
    "general.allmode.title": "Wszystkie tryby",
    "general.mappers.title": "Mapperzy",
    "general.badges.title": "Odznaki",
    "general.medals.users": "Użytkownicy",
    "general.medals.rarity": "Rzadkość",
    "general.allmode.replays": "Powtórki",
    "general.allmode.standardDeviation": "Standardowe odchylenie",
    "general.allmode.total": "Łączna ilość pp",
    "general.mappers.ranked": "Rankingowe Mapy",
    "general.mappers.loved": "Loved Mapy",
    "general.mappers.subscribers": "Subskrybenci",
    "general.badges.badges": "Odznaki",
    "general.medals.users.subheader": "ranking użytkowników, posortowany według liczby zdobytych medali!",
    "general.medals.rarity.subheader": "czy zastanawiałeś się kiedyś, jak rzadkie są poszczególne medale? dowiedz się tego tutaj!",
    "general.allmode.replays.subheader": "użytkownicy posortowani według ilości obejrzanych powtórek!",
    "general.allmode.standardDeviation.subheader": "użytkownicy sortowani przez standardowe odchylenie pp!",
    "general.allmode.total.subheader": "użytkownicy posortowani według łącznej ilości pp we wszystkich trybach!",
    "general.mappers.ranked.subheader": "dowiedz się, jaki mapper posiada największą ilość zrankowanych map!",
    "general.mappers.loved.subheader": "dowiedz się, jaki mapper posiada największą ilość loved map!",
    "general.mappers.subscribers.subheader": "dowiedz się, kto jest najbardziej subskrybowanym użytkownikiem!",
    "general.badges.badges.subheader": "odznaki",
    "bar.general.with": "z",
    "bar.medals.users.rarestMedal": "najrzadszy medal",
    "bar.medals.users.medalCompletion": "ukończenie <span class='light'>medali</span>",
    "bar.medals.rarity.heldBy": "posiadane przez",
    "bar.medals.rarity.only": "jedynie",
    "bar.allmode.standardDeviation.standardDeviationPP": "standardowe odchylenie pp",
    "bar.allmode.standardDeviation.totalPP": "łączna ilość pp",
    "bar.allmode.standardDeviation.replaysWatched": "obejrzane powtórki",
    "bar.mappers.ranked.rankedMaps": "mapy rankingowe",
    "bar.mappers.loved.lovedMaps": "mapy loved",
    "bar.mappers.subscribers.subscribers": "subskrybenci",
    "bar.badges.badges.badges": "odznaki",
    "pagination.previous": "wstecz",
    "pagination.next": "dalej",
    "search.username": "Nazwa użytkownika",
    "search.userID": "ID użytkownika",
    "search.country": "Kraj",
    "search.rarestMedal": "Najrzadszy Medal",
    "search.mode": "Tryb",
    "search.group": "Grupa",
    "search.placeholder": "szukaj tutaj!"
}