{
    "sidebar.search.placeholder": "szukaj wersji",
    "sidebar.submission": "Masz jakąś fajną wersję? Prześlij ją na Osekai Snapshots!",
    "submit.title": "Prześlij wersję!",
    "submit.versionName.title": "Nazwa wersji",
    "submit.versionName.description": "Możesz ją znaleźć u dołu menu opcji na większości wersjach.",
    "submit.versionName.placeholder": "np. b20200905.1",
    "submit.versionFile.title": "Plik wersji",
    "submit.versionFile.description": "Potrzebujemy pliku ZIP tej wersji. Możesz go przesłać za pomocą usługi przesyłania plików, takiej jak Google Drive. Pamiętaj o usunięciu swoich plików konfiguracyjnych!",
    "submit.versionInfo.title": "Informacja o wersji",
    "submit.versionInfo.description": "Opowiedz nam trochę o swojej wersji! Krótko, zwięźle i na temat!",
    "submit.versionInfo.placeholder": "np. Ta wersja jest niesamowita oraz zawiera kilka nowych funkcji!",
    "submit.submit": "Prześlij wersję",
    "submit.warning.header": "Zanim prześlesz tę wersję, upewnij się, że wszystkie pliki konfiguracyjne zostały z niej usunięte.",
    "submit.warning.body": "Pliki konfiguracyjne mogą zawierać Twoje dane logowania, takie jak nazwa użytkownika i hasło. Upewnij się, że zostały one usunięte.",
    "submit.warning.confirm": "Usunąłem te pliki.",
    "submit.warning.cancel": "Zapomniałem! Pozwól mi wrócić.",
    "submit.warning.footer": "Jeżeli przypadkowo prześlesz wersję ze swoim plikiem konfiguracyjnym, skontaktuj się z administratorem, aby natychmiast ją usunąć.",
    "submit.success.header": "Dziękujemy za Twoje zgłoszenie! Sprawdzimy je jak najszybciej!",
    "version.released": "data wydania: $1",
    "version.archivedBy": "zarchiwizowano przez $1",
    "version.description.title": "Opis",
    "version.downloads.title": "Pobrania",
    "version.download.title": "pobierz",
    "version.download.recommended": "zalecane",
    "version.download.from": "z $1",
    "version.extraInfo.title": "Dodatkowe informacje",
    "version.warnings.title": "Uwagi",
    "version.warnings.automaticallyUpdated.title": "Aktualizowane automatycznie",
    "version.warnings.automaticallyUpdated.description": "Ten klient pierwotnie sam się aktualizował. Zaaplikowaliśmy plik _staging, aby temu zapobiec.",
    "version.warnings.requiresServer.title": "Wymaga serwera",
    "version.warnings.requiresServer.description": "Ten klient nie może zostać otwarty bez połączenia z prywatnym serwerem.",
    "version.screenshots": "Zrzuty ekranu",
    "home.welcome": "Witamy w nowym domu osu!archive!",
    "home.welcome.description": "ciężko pracowaliśmy nad naszą nową stroną i nie możemy się doczekać, żeby usłyszeć, co o niej myślicie!",
    "home.welcome.title": "Strona główna",
    "home.slogan": "serwujemy $1 wersji osu! od 2007 do teraz!",
    "home.slogan.unloaded": "archwizujemy wersje osu! od 2007 do teraz!"
}