{
    "title": "需要幫助或有任何想法嗎? 聯絡我們!",
    "header": "我們是一個小小的團隊，如果你在osekai有任何想討論的事情，或是遇到困難需要幫忙，我們很樂意為您提供幫助唷!",
    "body.p1": "聯繫我們的最佳方式就是加入 osu! Medal Hunters Discord 群組。",
    "body.p2": "Discord群組連結可以在首頁和左上角的下拉選單最下方找到。",
    "siteOwner": "網站所有者: $1",
    "snapshots": "任何關於 Osekai Snapshots 的問題及請求，請通過 hubz@hubza.co.uk 聯絡 Hubz"
}