{
    "title": "捐款支持並非必須的，但如果您願意贊助，我們真的很感激 :)",
    "body.p1": "我們會將它們用來支付網站營運的成本。保持贊助資金公開透明的原則，您可以在頁面下方找到 osekai 網站的所有支出項目及費用。",
    "body.p2": "我們確實希望可以免費提供我們所有的服務。 您從贊助中獲得的唯二「好處」是在 osekai 評論時，在您的名字加上一顆 ❤ ，以及進入 osekai 開發者頻道的權限。未來我們可能還會增加類似的好處或服務。",
    "body.p3": "下方的頭號捐款者名單並不會立即刷新。但是請放心，我們會在收到通知後對其進行更新!",
    "donate.title": "贊助!",
    "donate.header": "願意支持我們嗎? 請透過以下方式發送捐款!",
    "donate.body": "請登入操作，這樣才能留下您的大名!",
    "donate.paypal": "使用 PayPal 贊助",
    "donate.paysafecard": "使用 Paysafecard 贊助",
    "costs.title": "花費",
    "costs.covered": "總贊助金額 / 總花費：$1 / $2",
    "top.title": "頭號捐款者",
    "recent.title": "最近捐款紀錄",
    "recent.message": "贊助留言"
}