{
    "colorcodes.table": "<ul class=\"faq__mc\"><li class=\"col95club\">95% 俱樂部 - 解鎖高於 95% 的勳章</li><li class=\"col90club\">90% 俱樂部 - 解鎖超過 90% 的勳章</li><li class=\"col80club\">80% 俱樂部 - 解鎖超過 80% 的勳章</li><li class=\"col60club\">60% 俱樂部 - 解鎖超過 60% 的勳章</li><li class=\"col40club\">40% 俱樂部 - 解鎖超過 40% 的勳章</li><li class=\"colnoclub\">無俱樂部 - 解鎖低於 40% 的勳章</li></ul>",
    "home.nameMeaning.question": "網站的名稱有任何的意義嗎?",
    "home.nameMeaning.answer": "[mulraf]: \"Osekai\" 這個名稱是由 \"osu!\"，一款我們皆知且熱愛的音樂遊戲的名稱，以及出現在許多日本動漫中的 isekai 異世界所組合而成的混成詞。Isekai 也就是異世界，一般來說是指「別的世界」或是「不同的世界」。盡管我對異世界類型並沒有太大的興趣，這個網站起初是為了其他目的而設立的。我想為 osu! 建立一個「團隊」不僅擁有自己的社群，還有排行榜、小遊戲等等的網站。就有點像「異世界」版本的osu!",
    "home.foundBug.question": "我找到一個漏洞",
    "home.foundBug.answer": "請透過 osu! medal hunter Discord 伺服器或在 osu! 密語來直接連絡我們，我們會竭盡所能的處理!",
    "home.haveIdea.question": "我有個想法",
    "home.haveIdea.answer": "水啦! 目前我們還有許多規劃和功能等待實現，但請隨時透過 osu! medal hunters 的 Discord 群組，或直接在遊戲中私訊我們分享您的想法，我們樂於傾聽與討論。",
    "home.futurePlans.question": "你們未來有什麼規劃?",
    "home.futurePlans.answer": "目前我們正在大量開發新功能及新的 Osekai 應用程式，請多多關注!<br><br>如果您想獲得我們目前的開發進度，或想提前試用這些未釋出的新功能，請考慮捐贈支持即可獲得高度機密的 Osekai 開發者頻道的訪問資格。",
    "rankings.cantFindName.question": "我應該出現在排行榜中，但我找不到自己的名字!",
    "rankings.cantFindName.answer": "抱歉，我們無法蒐集每位玩家的資料並同時定期更新這些資料。因此我們預設不主動蒐集排名較低的玩家資料，不過我們有一個好消息要告訴您：您可以使用 osu! 登入本站，這樣您的資料就會自動開始蒐集並定期更新。如果您已經是高排名的玩家也可以這麼做，這樣即使您離開更新的排名範圍，您的資料仍會定期更新。",
    "rankings.dataNotUpdated.question": "我的資料不是最新的。你們多久更新一次資料?",
    "rankings.dataNotUpdated.answer": "目前 12 小時更新一次小資料，每 3 天進行一次全面刷新。若從現在起，您的資料超過 4 天都沒有更新，那很可能是出問題了。發生此狀況請聯繫我們!",
    "rankings.whatIsSPP.question": "SPP是什麼?",
    "rankings.whatIsSPP.answer": "SPP 是「標準差 PP」的縮寫。您可以<a href=\"https://en.wikipedia.org/wiki/Standard_deviation\">按這裡</a>了解標準差。",
    "rankings.wrongRarityPercentages.question": "勳章稀有度的百分比看起來不正確耶。",
    "rankings.wrongRarityPercentages.answer": "遺憾的是，我們無法追蹤每位玩家的資料，而且我們也沒有其他方法來獲得這個比率，所以目前這個比率只能透過我們有追蹤的所有玩家去計算。這個比率是根據大約 50,000 位玩家的資料計算得出的，已經算是相當精準，但由於它主要是每種模式的前 10,000 名，因此高難度獎牌的百分比會有一點被低估。",
    "rankings.colorCodes.question": "Osekai Rankings 中玩家排名的顏色分別代表什麼?",
    "rankings.colorCodes.answer": "??faq.colorcodes.table??",
    "medals.somethingIncorrect.question": "我在留言或圖譜區找到錯誤的解答。",
    "medals.somethingIncorrect.answer": "有時候當圖譜的星數改變時，這可能會發生。<br>如果您認為勳章的解法不對，不要猶豫，請透過 osu! 私訊或 discord 聯繫開發者或管理員以檢查和糾正它。如果您不確定並想與人討論，您也可以將您的看法寫在評論區。<br>如果您認為圖譜不正確，請使用面板左下方的回報按鈕進行回報。",
    "medals.addSuggestionsOrComments.question": "我要如何新增建議圖譜或是留言?",
    "medals.addSuggestionsOrComments.answer": "您必須透過視窗右上角的登入按鈕來登入。我們使用 osu! 官方所提供的 OAuth2 安全驗證系統來進行登入，因此我們只會取得玩家的基本遊戲資料。",
    "profiles.whatAreClubs.question": "什麼是「俱樂部」?",
    "profiles.whatAreClubs.answer": "勳章俱樂部是您在獲得一定比率的勳章時會獲得的頭銜! 這些會出現在您的 Osekai Profile 中，並且在網站的勳章完成度欄位中也有相應的顏色匹配。我們目前擁有的勳章俱樂部有：<br>??faq.colorcodes.table??<br>您可以通過獲得更多勳章進入更高級的俱樂部!",
    "profiles.howAllModeNumbersCalculated.question": "「全模式」的數值是如何計算出來的?",
    "profiles.howAllModeNumbersCalculated.answer": "基本數值通常是相加的。因此，對於 PP 而言，它將會是<br><code>Standard pp + Taiko pp + Catch pp + Mania pp</code><br><br>Osekai Rankings 的勳章排名則是來自我們自己的資料庫，經常更新。有關 Osekai Rankings 的更多信息，請查看常見問題 FAQ 的解答部分。<br><br>最後，準確率的計算方式類似於 osu! 官方計算單一模式那樣。<br><code>(pp * accuracy) / Σ(pp * accuracy)</code><br> 可以適用於全部 4 種遊戲模式。",
    "profiles.WhatDoesShowMedalsFromAllModesMean.question": "「顯示所有模式的勳章」是什麼意思?",
    "profiles.WhatDoesShowMedalsFromAllModesMean.answer": "預設情況下，在 Osekai Profiles 中，無論您選擇哪種遊戲模式，我們都會在勳章面板上顯示所有模式的勳章。這表示即使您選擇 Standard，也會出現其他 Catch 模式才能解的勳章。如果您希望勳章只顯示特定某個模式的，您可以停用此選項! 請記住，這也會改變解鎖百分比和俱樂部。",
    "profiles.whyNoMedalRankForMe": "為什麼我沒有勳章排名?",
    "profiles.whyNoMedalRankForMe.answer": "勳章排名就像其他所有模式中的排名一樣，會通過我們自己的資料庫計算。我們的資料庫中並沒有紀錄全部玩家。只有每個遊戲模式的前 10,000 名玩家會在我們的排名之中。我們的資料庫中還有一些手動新增的玩家。如果您在 Osekai 上登入，您將被自動更新上去。您也可以在 Osekai Rankings 的首頁手動新增除了您以外的其他玩家。",
    "snapshots.whatFilesToSend.question": "我需要送出什麼檔案?",
    "snapshots.whatFilesToSend.answer": "<p>我們僅需要 .exe 檔案及 DLL檔案就可以上傳版本! 這裡是範例：</p><img src=\"img/faqs/snapshots_files.png\"><br>如果您發現有缺少或者有多出其他檔案，那可能是不同版本間的差異。總之不用擔心! 無論如何我們都會嘗試讓它可以執行 :)",
    "snapshots.areVersionsSafe.question": "這些舊版客戶端可以安全執行嗎?",
    "snapshots.areVersionsSafe.answer": "可以! 我們永遠都會檢查是否有病毒或不乾淨的髒東西摻在裡面，如果有發現惡意竄改等任何不能安全執行的客戶端，我們會迅速刪除。供您參考；我們理解可能常有誤報!",
    "snapshots.netFrameworkVersion": "如果它說運行舊版 osu! 需要舊版本的 .NET Framework 該怎麼辦?",
    "snapshots.netFrameworkVersion.answer": "舊版本的 osu! 需要舊版本的 .NET framework，而您會看到 Windows 檢測到它需要哪個版本的 .NET framework 才能運行您的舊 osu! 客戶端。只需讓 Windows 完成它的工作，自動下載並安裝所需的 .NET framework 版本，幾分鐘後，您的舊版 osu! 應該就可以順利啟動了唷!"
}