{
    "medal": "獎牌",
    "medals": "獎牌",
    "club": "俱樂部",
    "date_released": "發佈於 $1",
    "date_added": "新增於 $1",
    "date_updated": "更新於 $1",
    "date_posted": "發佈於 $1",
    "date_submitted": "已提交",
    "date_last_played": "最後遊玩 $1",
    "submit": "提交",
    "add": "新增",
    "update": "更新",
    "delete": "刪除",
    "cancel": "取消",
    "global": "全域",
    "saveChanges": "保存修改",
    "remove": "移除",
    "close": "關閉",
    "language.switch": "正在更換語言!",
    "locked.login": "請登入來使用此功能!",
    "page.generatedIn": "頁面於 $1 秒生成",
    "ok": "Okay"
}