{
    "cover.subtitle": "集合了<strong>特殊排行榜</strong>、<strong>更詳盡的個人檔案</strong>、<strong>各種勳章解法</strong>及<strong>百百種版本 osu! 快照</strong>於一身，還有許許多多功能的網站",
    "cover.madeFor": "為 osu! 社群所打造 - 由 <span>the <strong>osekai</strong> team</span> 製作",
    "new": "新的!",
    "new.text": "在 <strong>osekai</strong>...",
    "new.introducing": "隆重介紹我們的新功能：",
    "profiles.main": "我們一直在想方設法為玩家提供一種可以同時查看和管理 osu! 的新方法! 我們開發了很棒的新功能，例如目標、時間線等等。經過一年多的開發，終於完成了。快來一探究竟!",
    "medals.main": "這裡是能找到 osu! 所有勳章解法的最佳去處。您可以在這裡找到最容易解鎖勳章的圖譜，也能在留言區與其他玩家交流!",
    "snapshots.main": "體驗 osu! 早期版本的懷舊感，或者直接來翻新過後的 osu!archive 看看我們到底還有哪些更酷更特殊的版本吧!",
    "rankings.main": "目前唯一擁有勳章、進榜圖譜等特殊主題資料最詳盡的非官方排行榜。",
    "badges.main": "這裡是個能找到幾乎所有的 osu! 獎牌及其所有者的好地方。",
    "discord.title": "加入 <strong>osu! medal hunters</strong> 的 Discord!",
    "discord.text": "請來 osu! 最大的勳章獵人 Discord 群組逛逛! 我們都在這裡!",
    "support.title": "贊助我們!",
    "support.text": "我們只是一個小小團隊，您可以透過捐獻幫助我們保持伺服器運行及持續開發!",
    "faq": "FAQ",
    "faq.title": "常見問題",
    "faq.welcome": "歡迎來到 Osekai FAQ!",
    "faq.welcome.intro": "您可以在這裡找到關於 Osekai 的常見問題的答案。選擇左側欄位中的任一問題即可開始。",
    "team.title": "團隊",
    "team.role.mulraf": "項目負責人 & 工程組組長",
    "team.role.hubz": "工程師 & 設計組組長",
    "team.role.electroyan": "數據工程師",
    "team.role.remyria": "社群管理員",
    "team.role.generic.snapshotsManager": "快照管理員",
    "team.role.generic.snapshotsDeveloper": "快照工程師",
    "harumachi.title": "Harumachi Cup Omega. The final one.",
    "harumachi.text": "世界上最棒的爛比賽最後一次回歸，快來瞧瞧!"
}