{
    "searchbar.placeholder": "搜尋任何勳章!",
    "searchbar.filters.tooltip": "過濾搜尋結果",
    "searchbar.filters.title": "篩選器選項",
    "searchbar.filters.unobtainedMedals": "尚未取得的勳章",
    "solution.title": "解法",
    "beatmaps.title": "圖譜 <p id=\"beatmap_count\" class=\"medals__bm-count\">0</p>",
    "beatmaps.note.add": "新增備註",
    "beatmaps.note.view": "查看備註",
    "beatmaps.note.title": "備註",
    "beatmap.by": "by",
    "beatmap.mappedBy": "圖譜製作",
    "beatmap.viewOnOsu": "在 <strong>osu.ppy.sh</strong> 查看圖譜包",
    "beatmap.downloadWithDirect": "透過 <strong>osu!direct</strong> 下載",
    "beatmap.report": "回報圖譜",
    "beatmap.delete": "刪除圖譜",
    "video.title": "影片",
    "beatmaps.add": "新增圖譜",
    "beatmaps.add.title": "新增一張圖譜",
    "beatmaps.add.body": "新增一張圖譜到 $1 勳章",
    "beatmaps.add.p1": "請記住，該譜面必須可以解鎖勳章，不然它會從列表中被移除。",
    "beatmaps.add.url.placeholder": "圖譜連結",
    "beatmaps.add.note.placeholder": "備註"
}