{
    "profile.viewOnOsekaiProfiles": "<light>在</light> osekai profiles <light>查看你的個人檔案</light>",
    "profile.viewOnOsu": "<light>在</light> osu! <light>查看你的個人檔案</light>",
    "profile.logOut": "登出",
    "profile.experimentalMode": "您正處於實驗模式，有些事情可能會不一樣。",
    "profile.logIn": "<light>透過</light> osu! 登入",
    "search.placeholder": "搜尋你想找的東西。任何東西。",
    "search.noResults": "未找到任何結果",
    "settings.title": "<strong>osekai</strong> 設定",
    "settings.subtitle": "自定義你的osekai",
    "settings.global.title": "全域",
    "settings.global.theme": "主題",
    "settings.global.theme.light": "明亮",
    "settings.global.theme.dark": "深色",
    "settings.global.theme.ultraDark": "超級黑",
    "settings.global.theme.coldDark": "冰冷黑",
    "settings.global.theme.system": "系統",
    "settings.global.language": "language",
    "settings.profiles.title": "個人檔案",
    "settings.profiles.showMedalsFromAllModes": "顯示所有模式的勳章",
    "notifications.title": "<strong>通知</strong>",
    "apps.support": "支持 osekai!",
    "apps.twitter": "去看看 osekai 的推特!",
    "apps.discord": "加入 osu! Medal Hunters Discord 群組!",
    "apps.contact": "聯絡我們",
    "apps.privacy": "隱私權政策",
    "apps.developmentDiscord": "加入我們的開發者群組",
    "tooltip.notifications": "通知",
    "tooltip.settings": "設定",
    "tooltip.search": "搜尋"
}