{
    "home.panel.body": "更深入更全面的 osu! 個人檔案",
    "home.yourProfile.title": "查看",
    "home.yourProfile.subtitle": "您的<strong>個人檔案</strong>",
    "home.recentlyViewed.title": "最近瀏覽",
    "home.mostViewed.title": "最多瀏覽",
    "home.globalRankings.title": "全球排名",
    "profile.bar.user": "個人檔案",
    "profile.bar.user.new": "<strong>$1</strong> 的個人檔案",
    "profile.bar.user.new-s": "<strong>$1</strong> 的個人檔案",
    "profile.info.joined": "<span class=\"light\">加入於</span> $1",
    "profile.info.playsWith": "<span class=\"light\">使用</span> $1 <span class=\"light\">遊玩</span>",
    "profile.timeline.title": "時間線",
    "profile.timeline.addEntry": "新增項目",
    "profile.timeline.addEntry.placeholder": "什麼事情都沒有發生...",
    "profile.goals.title": "Goals",
    "profile.goals.welcome.title": "歡迎來到 <strong>Goals</strong>",
    "profile.goals.welcome.body": "這裡是讓您追蹤自己 osu! 目標的區塊，從勳章數量、目標 pp 或排名，甚至是獎牌數量都可以設定。您可以在下方新增，左邊的是類型，右邊的加號可以將目標新增上去!",
    "profile.goals.welcome.close": "此提示框會在您設定第一筆目標之後關閉。",
    "profile.goals.input.placeholder": "目標數量",
    "profile.goals.pp": "pp",
    "profile.goals.rank": "排名",
    "profile.goals.medals": "獎牌",
    "profile.goals.ssCount": "SS 數量",
    "profile.goals.badges": "獎牌",
    "profile.goals.level": "等級",
    "profile.goals.goal.title": "在 <strong>$2</strong> 取得 <strong>$1</strong>",
    "profile.goals.goal.subtitle": "$1 ($2%)",
    "profile.goals.goal.started": "開始於 <strong>$1</strong>",
    "profile.goals.goalType": "目標類型",
    "profile.stats.title": "統計",
    "profile.stats.globalRank": "全球排名",
    "profile.stats.countryRank": "國家排名",
    "profile.stats.accuracy": "準確率",
    "profile.stats.pp": "pp",
    "profile.stats.playtime": "遊玩時長",
    "profile.stats.plays": "遊玩次數",
    "profile.medals.title": "勳章",
    "profile.medals.medals": "獎牌",
    "profile.medals.rank": "勳章排名",
    "profile.medals.completion": "勳章完成度",
    "profile.medals.togo": "再取得 $1 面勳章",
    "profile.medals.until": "即可達成",
    "profile.medals.rarest": "<strong>最稀有</strong>勳章",
    "profile.medals.onlyPercent": "只有 $1 擁有這面勳章",
    "profile.medals.percentOfPlayers": "$1% 的玩家",
    "profile.medals.history.new": "$1<br>新取得的<br>勳章",
    "profile.snapshots.title": "版本已上傳到<light>Osekai Snapshots</light>",
    "profile.snapshots.uploadDate": "上傳至Snapshots <strong>$1</strong>",
    "profile.snapshots.uploadDateUnknown": "上傳時間未知",
    "loading": "正在讀取個人檔案"
}