{
    "home.addUser.title": "新增一位玩家!",
    "home.addUser.loggedIn": "由於您已經登入，您的個人檔案已成功入檔! 關於您的資料將會在下一輪更新並顯示。",
    "home.addUser.loggedOut": "若您想查看自己的 Osekai Rankings，請點選右上角頭像透過 osu! 登入。",
    "home.addUser.addAnotherUser.title": "新增其他玩家",
    "home.addUser.addAnotherUser.loggedOut": "請先登入以新增其他玩家",
    "home.addUser.addAnotherUser.placeholder": "玩家 ID",
    "home.addUser.addAnotherUser.button": "新增",
    "general.medals.title": "勳章",
    "general.allmode.title": "所有模式",
    "general.mappers.title": "Mappers",
    "general.badges.title": "獎牌",
    "general.medals.users": "玩家",
    "general.medals.rarity": "稀有度",
    "general.allmode.replays": "重播次數",
    "general.allmode.standardDeviation": "標準差",
    "general.allmode.total": "總 pp",
    "general.mappers.ranked": "進榜圖譜",
    "general.mappers.loved": "Loved 圖譜",
    "general.mappers.subscribers": "訂閱者",
    "general.badges.badges": "獎牌",
    "general.medals.users.subheader": "依照每位玩家所擁有勳章數量的排行榜!",
    "general.medals.rarity.subheader": "好奇哪些勳章更稀有嗎? 來這裡看看吧!",
    "general.allmode.replays.subheader": "依照每位玩家從創號至今的重播觀看數來排行!",
    "general.allmode.standardDeviation.subheader": "根據玩家的標準差 pp 來排行!",
    "general.allmode.total.subheader": "將每位玩家的所有模式的 pp 相加得出來的值進行排行!",
    "general.mappers.ranked.subheader": "來查看哪位玩家擁有最多進榜圖譜!",
    "general.mappers.loved.subheader": "來查看哪位玩家擁有最多 Loved 圖譜!",
    "general.mappers.subscribers.subheader": "來查看哪位玩家擁有最多訂閱者!",
    "general.badges.badges.subheader": "獎牌",
    "bar.general.with": "擁有",
    "bar.medals.users.rarestMedal": "最稀有勳章",
    "bar.medals.users.medalCompletion": "全<span class='light'>勳章</span>完成度",
    "bar.medals.rarity.heldBy": "持有率",
    "bar.medals.rarity.only": "僅限",
    "bar.allmode.standardDeviation.standardDeviationPP": "標準差 pp",
    "bar.allmode.standardDeviation.totalPP": "總 pp",
    "bar.allmode.standardDeviation.replaysWatched": "重播觀看次數",
    "bar.mappers.ranked.rankedMaps": "進榜圖譜",
    "bar.mappers.loved.lovedMaps": "loved 圖譜",
    "bar.mappers.subscribers.subscribers": "訂閱者",
    "bar.badges.badges.badges": "獎牌",
    "pagination.previous": "前一頁",
    "pagination.next": "下一頁",
    "search.username": "玩家名稱",
    "search.userID": "玩家 ID",
    "search.country": "國家",
    "search.rarestMedal": "最稀有勳章",
    "search.mode": "模式",
    "search.group": "群組",
    "search.placeholder": "在這裡搜尋!"
}