{
    "sidebar.search.placeholder": "搜尋版本",
    "sidebar.submission": "你有超酷的客戶端嗎? 趕快上傳到 Osekai Snapshots 吧!",
    "submit.title": "上傳一個版本!",
    "submit.versionName.title": "版本名稱",
    "submit.versionName.description": "大多數情況，您可以在遊戲中的選項最底部找到它。",
    "submit.versionName.placeholder": "例如：b20200905.1",
    "submit.versionFile.title": "版本檔案",
    "submit.versionFile.description": "我們需要該版本程式的壓縮檔。您可以透過上傳服務（例如 Google Drive）上傳。請記得刪除你的cfg檔案!",
    "submit.versionInfo.title": "版本資訊",
    "submit.versionInfo.description": "請告訴我們一些關於這個版本的資訊! 可長可短，任君選擇!",
    "submit.versionInfo.placeholder": "例如：這個版本介面改的很炫而且多了很多新功能!",
    "submit.submit": "上傳版本",
    "submit.warning.header": "在提交此版本之前，請確保您已刪除所有cfg檔案。",
    "submit.warning.body": "這些cfg檔案可能包含您的 osu! 登錄詳細資料，例如帳號和密碼。 請確保您已刪除這些內容。",
    "submit.warning.confirm": "我確定我已經刪除了。",
    "submit.warning.cancel": "噢我忘了! 回上一頁",
    "submit.warning.footer": "如果您不小心提交了帶有cfg檔案的版本，請立即聯繫管理員請求將其刪除。",
    "submit.success.header": "感謝您的上傳，我們會盡快查看!",
    "version.released": "發佈於 $1",
    "version.archivedBy": "由 $1 提供",
    "version.description.title": "描述",
    "version.downloads.title": "下載",
    "version.download.title": "下載",
    "version.download.recommended": "建議",
    "version.download.from": "來自 $1",
    "version.extraInfo.title": "額外資訊",
    "version.warnings.title": "注意",
    "version.warnings.automaticallyUpdated.title": "自動更新",
    "version.warnings.automaticallyUpdated.description": "原本這個客戶端會自動更新，我們加了一個 _staging 檔案來防止它更新。",
    "version.warnings.requiresServer.title": "需要伺服器",
    "version.warnings.requiresServer.description": "此客戶端需要連接至私人伺服器才能開啟。",
    "version.screenshots": "螢幕擷圖",
    "home.welcome": "歡迎來到翻新後的 osu!archive 網站!",
    "home.welcome.description": "我們一直努力在開發這個新網站，我們已經迫不及待想聽聽您的想法!",
    "home.welcome.title": "首頁",
    "home.slogan": "歸檔從 2007 年至今總共 $1 個不同版本的 osu! 客戶端!",
    "home.slogan.unloaded": "歸檔從 2007 年至今，所有版本的 osu!"
}