{
    "home.slogan": "домівка усього на osekai!",
    "rankings.slogan": "#1 альтернативна система рейтингу для osu!",
    "medals.slogan": "рішення для всіх медалей, прямо у ваших руках!",
    "profiles.slogan": "детальний погляд на ваш профіль osu!",
    "snapshots.slogan": "архіви версій osu! з 2007 до цього моменту!",
    "badges.slogan": "місце, щоб переглянути майже всі бейджики в osu!"
}