{
    "badges.title": "Бейджи ($1)",
    "sort.awardedAt.asc": "Коли присвоєний (за зростанням)",
    "sort.awardedAt.desc": "Коли присвоєний (за спаданням)",
    "sort.name.asc": "Назва (a-z)",
    "sort.name.desc": "Назва (z-a)",
    "sort.playerCount.asc": "Кількість гравців (за зростанням)",
    "sort.playerCount.desc": "Кількість гравців (за спаданням)",
    "search.placeholder": "шукати бейдж!",
    "badge.firstAchieved": "вперше досягнутий <strong>$1</strong>",
    "badge.ownedBy": "належить <strong>$1</strong> гравцям",
    "badge.ownedBySingular": "належить <strong>$1</strong> гравцю",
    "badge.popup.playersWhoHave": "<strong>гравці</strong> з цим значком",
    "badge.popup.1xVariant": "<strong>@1x</strong><br>варіант",
    "paused": "Обробка для Osekai Badges наразі призупинена. Тільки значки до $1 будуть відображені.",
    "viewtype.grid": "Сітка",
    "viewtype.compactList": "Компактний Список",
    "viewtype.list": "Список",
    "viewtype.ultraCompact": "Ультра Компактний"
}