{
    "title": "Потрібна допомога або у вас є які-небудь ідеї? Зв'яжіться з нами!",
    "header": "Ми - маленька команда, і якщо у вас є щось, що ви хотіли б обговорити або вам потрібна допомога з чим-небудь на osekai, ми були б раді допомогти!",
    "body.p1": "Найкращий спосіб зв'язатися з нами - приєднатися до osu! Medal Hunters Discord серверу.",
    "body.p2": "Посилання на цей сервер знаходиться на головній сторінці та випадаючому списку додатків у лівому верхньому куті сторінки.",
    "siteOwner": "Власник Сайту: $1",
    "snapshots": "Для будь-яких питань або запитів стосовно Osekai Snapshots, будь ласка, зв'яжіться з Hubz написав на hubz@hubza.co.uk"
}