{
    "title": "Пожертви ніколи не потрібні, але завжди цінуються :)",
    "body.p1": "Ми використовуємо їх для покриття вартості роботи сайту. Для прозорості ви можете побачити усі витрати, на вебсайт osekai нижче.",
    "body.p2": "Ми хочемо надати всі наші послуги безкоштовно. Єдиний 'бонус', що ви отримуєте від пожертвування, це маленьке ❤ біля вашого імені при коментуванні та доступ до discord каналу розробки osekai, але подібні речі можуть бути додані в майбутньому.",
    "body.p3": "Список топ пожертвувань нижче не оновлюватиметься миттєво. Але не хвилюйтесь, ми оновимо його, коли помітимо!",
    "donate.title": "Пожертвувати!",
    "donate.header": "Хочете підтримати нас? Будь ласка, надішліть пожертвування!",
    "donate.body": "Майте на увазі, щоб показати своє ім'я користувача, ви повинні увійти в систему!",
    "donate.paypal": "Пожертвувати через PayPal",
    "donate.paysafecard": "Пожертвувати через Paysafecard",
    "costs.title": "Вартості",
    "costs.covered": "покриті витрати: $1 / $2",
    "top.title": "Топ Спонсорів",
    "recent.title": "Останні Пожертви",
    "recent.message": "Повідомлення До Пожертвування"
}