{
    "medal": "медаль",
    "medals": "медалі",
    "club": "клуб",
    "date_released": "випущено $1",
    "date_added": "додано $1",
    "date_updated": "оновлено $1",
    "date_posted": "опублікувано $1",
    "date_submitted": "надіслано",
    "date_last_played": "остання активність $1",
    "submit": "Надіслати",
    "add": "Додати",
    "update": "Оновити",
    "delete": "Видалити",
    "cancel": "Скасувати",
    "global": "Глобальний",
    "saveChanges": "Зберегти Зміни",
    "remove": "Видалити",
    "close": "Закрити",
    "language.switch": "Зміна мови!",
    "locked.login": "Увійдіть, щоб використовувати цю функцію!",
    "page.generatedIn": "Сторінка згенерована за $1 секунд.",
    "ok": "Okay"
}