{
    "cover.subtitle": "місце з <strong>альтернативними рейтингами</strong>, <strong>детальною інформацією про профілі</strong>, <strong>рішення для медалей</strong>, <strong>сотні версій</strong> і багато іншого",
    "cover.madeFor": "створено для спільноти osu! <span>командою <strong>osekai</strong></span>",
    "new": "нове!",
    "new.text": "в <strong>osekai</strong>...",
    "new.introducing": "Представляємо наш новий додаток:",
    "profiles.main": "Ми працювали над новим способом для вас, щоб переглядати та керувати вашим профілем osu! Ми придумали деякі нові дивовижні функції, такі як: Цілі, Хронологія, та багато іншого. І після більш ніж року розробки, вони нарешті завершені. Спробуйте!",
    "medals.main": "Найкраще місце для пошуку рішень для всіх медалей osu!, найкращі карти для їх отримання і навіть обговорення в коментарях!",
    "snapshots.main": "Відчуйте ностальгію ранніх релізів osu! або перегляньте деякі з більш особливих версій на новій сторінці для osu!archive!",
    "rankings.main": "Єдине місце, де можна знайти альтернативний рейтинг osu! для медалей, рейтингових карт, та багато іншого.",
    "badges.main": "Найкраще місце, щоб знайти майже кожен бейджик в osu! разом з їх власниками.",
    "discord.title": "Приєднуйтесь до <strong>osu! medal hunters</strong> Discord серверу!",
    "discord.text": "Приєднайтесь до найбільшої спільноти мисливців за медалями osu! в Discord, де також проживає Osekai!",
    "support.title": "Підтримати нас!",
    "support.text": "Ми - невелика команда, і пожертвувавши ви допомагаєте нам підтримувати роботу серверів та продовжувати розробку!",
    "faq": "ЧАПИ",
    "faq.title": "Найбільш Поширенні Питання",
    "faq.welcome": "Ласкаво просимо до ЧАПів Osekai!",
    "faq.welcome.intro": "Тут ви можете знайти відповіді на часті питання про Osekai. Виберіть запитання на боковій панелі зліва, щоб розпочати.",
    "team.title": "Команда",
    "team.role.mulraf": "Керівник Проєкту та Головний Розробник",
    "team.role.hubz": "Розробник та Головний Дизайнер",
    "team.role.electroyan": "Інженер Даних Рейтингу",
    "team.role.remyria": "Комьюніті Менеджер",
    "team.role.generic.snapshotsManager": "Менеджер Снапшотів",
    "team.role.generic.snapshotsDeveloper": "Розробник Снапшотів",
    "harumachi.title": "Harumachi Cup Omega. Останній.",
    "harumachi.text": "Найкращий з найгірших osu! турнірів повертається в останній раз. Зареєструйтеся!"
}