{
    "searchbar.placeholder": "шукати медаль",
    "searchbar.filters.tooltip": "Фільтри Пошуку",
    "searchbar.filters.title": "Параметри фільтрації",
    "searchbar.filters.unobtainedMedals": "Неотримані Медалі",
    "solution.title": "Рішення",
    "beatmaps.title": "Карти <p id=\"beatmap_count\" class=\"medals__bm-count\">0</p>",
    "beatmaps.note.add": "додати замітку",
    "beatmaps.note.view": "переглянути замітку",
    "beatmaps.note.title": "Замітка",
    "beatmap.by": "від",
    "beatmap.mappedBy": "створена",
    "beatmap.viewOnOsu": "Переглянути набір карт на <strong>osu.ppy.sh</strong>",
    "beatmap.downloadWithDirect": "завантажити за допомогою<strong> osu!direct</strong>",
    "beatmap.report": "поскаржитися на цю карту",
    "beatmap.delete": "видалити цю карту",
    "video.title": "Відео",
    "beatmaps.add": "Додати Карту",
    "beatmaps.add.title": "Додати карту",
    "beatmaps.add.body": "Додати карту для медалі $1",
    "beatmaps.add.p1": "Майте на увазі, що дана карта повинна приводити до отримання медалі. Якщо вона не буде - її вилучать зі списку.",
    "beatmaps.add.url.placeholder": "Посилання на карту",
    "beatmaps.add.note.placeholder": "Замітка"
}