{
    "profile.viewOnOsekaiProfiles": "<light>переглянути профіль на</light> osekai profiles",
    "profile.viewOnOsu": "<light>переглянути профіль в</light> osu!",
    "profile.logOut": "вийти",
    "profile.experimentalMode": "Наразі вы перебуваєте в експериментальному режимі. Щось може зламатися.",
    "profile.logIn": "увійдіть до системи <light>за допомогою</light> osu!",
    "search.placeholder": "шукайте щось. будь-що.",
    "search.noResults": "Нічого не знайдено",
    "settings.title": "налаштування <strong>osekai</strong>",
    "settings.subtitle": "налаштуйте osekai під себе",
    "settings.global.title": "глобальні",
    "settings.global.theme": "тема",
    "settings.global.theme.light": "світла тема",
    "settings.global.theme.dark": "темна тема",
    "settings.global.theme.ultraDark": "ультра темна тема",
    "settings.global.theme.coldDark": "холодна темна тема",
    "settings.global.theme.system": "системна тема",
    "settings.global.language": "мова",
    "settings.profiles.title": "профілі",
    "settings.profiles.showMedalsFromAllModes": "показувати медалі з усіх режимів",
    "notifications.title": "<strong>сповіщення</strong>",
    "apps.support": "підтримати osekai!",
    "apps.twitter": "перегляньте osekai на twitter!",
    "apps.discord": "приєднуйтесь до osu! Medal Hunters Discord серверу!",
    "apps.contact": "зв'яжіться з нами",
    "apps.privacy": "політика конфіденційності",
    "apps.developmentDiscord": "приєднайтеся до нашого сервера розробки",
    "tooltip.notifications": "Сповіщення",
    "tooltip.settings": "Налаштування",
    "tooltip.search": "Пошук"
}