{
    "home.panel.body": "детальний погляд на ваш профіль osu!",
    "home.yourProfile.title": "відвідайте",
    "home.yourProfile.subtitle": "ваш <strong>профіль</strong>",
    "home.recentlyViewed.title": "Нещодавно Переглянуті",
    "home.mostViewed.title": "Найпопулярніші",
    "home.globalRankings.title": "Глобальні Рейтинги",
    "profile.bar.user": "Профіль",
    "profile.bar.user.new": "<strong>$1</strong>'s Профіль",
    "profile.bar.user.new-s": "<strong>$1</strong>' Профіль",
    "profile.info.joined": "<span class=\"light\">приєднався</span> $1",
    "profile.info.playsWith": "<span class=\"light\">грає з</span> $1",
    "profile.timeline.title": "Хронологія",
    "profile.timeline.addEntry": "Додати Запис",
    "profile.timeline.addEntry.placeholder": "щось цікаве сталося...",
    "profile.goals.title": "Цілі",
    "profile.goals.welcome.title": "Ласкаво просимо до <strong>Цілей</strong>",
    "profile.goals.welcome.body": "Цілі - це спосіб відстежувати ваші osu! цілі, від кількості медалей до цілей з кількістю pp, і навіть бейджиків та звань! Ви можете додати ціль нижче. Зліва - тип цілі, а потім, щоб додати ціль, натисніть на кнопку + справа!",
    "profile.goals.welcome.close": "Ця панель автоматично закриється, коли<br>ви додасте свою першу ціль.",
    "profile.goals.input.placeholder": "Кількість",
    "profile.goals.pp": "pp",
    "profile.goals.rank": "ранг",
    "profile.goals.medals": "медалі",
    "profile.goals.ssCount": "Кількість SS",
    "profile.goals.badges": "бейджи",
    "profile.goals.level": "рівень",
    "profile.goals.goal.title": "Досягти <strong>$1</strong> в <strong>$2</strong>",
    "profile.goals.goal.subtitle": "$1 ($2%)",
    "profile.goals.goal.started": "розпочата <strong>$1</strong>",
    "profile.goals.goalType": "Тип Цілі",
    "profile.stats.title": "Статистика",
    "profile.stats.globalRank": "глобальний ранг",
    "profile.stats.countryRank": "ранг у країні",
    "profile.stats.accuracy": "точність",
    "profile.stats.pp": "pp",
    "profile.stats.playtime": "часу у грі",
    "profile.stats.plays": "кількість ігор",
    "profile.medals.title": "Медалі",
    "profile.medals.medals": "медалей",
    "profile.medals.rank": "рейтинг за медалями",
    "profile.medals.completion": "процент отриманих медалей",
    "profile.medals.togo": "$1 медалей залишилось",
    "profile.medals.until": "до",
    "profile.medals.rarest": "<strong>найбільш рідкісна</strong> медаль",
    "profile.medals.onlyPercent": "лише $1 мають цю медаль!",
    "profile.medals.percentOfPlayers": "$1% гравців",
    "profile.medals.history.new": "$1<br>нових<br>медалей",
    "profile.snapshots.title": "Версії, завантажені <light>на Osekai Snapshots</light>",
    "profile.snapshots.uploadDate": "Опубліковано до Снапшотів <strong>$1</strong>",
    "profile.snapshots.uploadDateUnknown": "Дата завантаження невідома",
    "loading": "Завантаження профілю"
}