{
    "home.addUser.title": "Додати користувача!",
    "home.addUser.loggedIn": "Оскільки ви увійшли до системи, ви вже були додані! Вас буде оброблено з наступним циклом.",
    "home.addUser.loggedOut": "Щоб додати себе до Osekai Rankings, просто увійдіть в обліковий запис osu! Натисніть на кнопку у верхньому правому кутку, щоб зробити це.",
    "home.addUser.addAnotherUser.title": "Додати іншого користувача",
    "home.addUser.addAnotherUser.loggedOut": "Будь ласка, увійдіть, щоб додати користувача.",
    "home.addUser.addAnotherUser.placeholder": "ID Користувача",
    "home.addUser.addAnotherUser.button": "Додати",
    "general.medals.title": "Медалі",
    "general.allmode.title": "Всі Режими",
    "general.mappers.title": "Маппери",
    "general.badges.title": "Бейджи",
    "general.medals.users": "Користувачі",
    "general.medals.rarity": "Рідкість",
    "general.allmode.replays": "Реплеї",
    "general.allmode.standardDeviation": "Стандартне Відхилення",
    "general.allmode.total": "Всього pp",
    "general.mappers.ranked": "Рейтингові Карти",
    "general.mappers.loved": "Улюблені Карти",
    "general.mappers.subscribers": "Підписники",
    "general.badges.badges": "Бейджи",
    "general.medals.users.subheader": "таблиця лідерів, відсортована за кількістю їх медалей!",
    "general.medals.rarity.subheader": "коли-небудь цікавилися, наскільки рідкісною є кожна медаль? дізнайтеся тут!",
    "general.allmode.replays.subheader": "користувачів відсортовано за кількістю переглядів їх реплеїв!",
    "general.allmode.standardDeviation.subheader": "користувачів відсортовано за стандартним відхиленням pp!",
    "general.allmode.total.subheader": "користувачів відсортовано за їх pp поєднаним з усіх режимів!",
    "general.mappers.ranked.subheader": "з'ясуйте, хто має найбільший рейтинг за кількістю їх рейтингових мап!",
    "general.mappers.loved.subheader": "з'ясуйте, хто має найбільший рейтинг за кількістю їх улюблених мап!",
    "general.mappers.subscribers.subheader": "з'ясуйте, хто є найбільш підписуваним користувачем!",
    "general.badges.badges.subheader": "бейджи",
    "bar.general.with": "з",
    "bar.medals.users.rarestMedal": "найрідкісніша медаль",
    "bar.medals.users.medalCompletion": "завершення <span class='light'>медалей</span>",
    "bar.medals.rarity.heldBy": "утримується",
    "bar.medals.rarity.only": "тільки",
    "bar.allmode.standardDeviation.standardDeviationPP": "стандартно відхилені pp",
    "bar.allmode.standardDeviation.totalPP": "всього pp",
    "bar.allmode.standardDeviation.replaysWatched": "реплеїв переглянуто",
    "bar.mappers.ranked.rankedMaps": "рейтингові карти",
    "bar.mappers.loved.lovedMaps": "улюблені карти",
    "bar.mappers.subscribers.subscribers": "підписники",
    "bar.badges.badges.badges": "бейджи",
    "pagination.previous": "назад",
    "pagination.next": "далі",
    "search.username": "Ім'я користувача",
    "search.userID": "ID Користувача",
    "search.country": "Країна",
    "search.rarestMedal": "Найрідкісніша Медаль",
    "search.mode": "Режим",
    "search.group": "Група",
    "search.placeholder": "шукати тут!"
}