{
    "sidebar.search.placeholder": "пошук версії",
    "sidebar.submission": "Маєте круту версію? Надішліть її до Osekai Snapshots!",
    "submit.title": "Надіслати версію!",
    "submit.versionName.title": "Назва версії",
    "submit.versionName.description": "Ви можете знайти це в нижній частині меню параметрів для більшості версій.",
    "submit.versionName.placeholder": "напр. b20200905.1",
    "submit.versionFile.title": "Файл версії",
    "submit.versionFile.description": "Нам потрібен ZIP-файл версії. Ви можете завантажити один з допомогою сервісів завантаження, наприклад Google Drive. Не забудьте видалити ваші файли конфігурації!",
    "submit.versionInfo.title": "Інформація про версію",
    "submit.versionInfo.description": "Розкажіть нам трошки про вашу версію! Це може бути коротко або довго, на ваш вибір!",
    "submit.versionInfo.placeholder": "напр. Ця версія дуже крута і має багато нових функцій!",
    "submit.submit": "Надіслати Версію",
    "submit.warning.header": "Перед тим, як надіслати цю версію, переконайтеся, що ви видалили всі файли конфігурації.",
    "submit.warning.body": "Ці файли конфігурації можуть містити ваші дані для входу в систему osu! наприклад: логін та пароль. Будь ласка, переконайтеся, що ви їх видалили.",
    "submit.warning.confirm": "Я видалив ці файли.",
    "submit.warning.cancel": "Я забув! Дайте мені повернутися.",
    "submit.warning.footer": "Якщо ви випадково відправили версію з конфігураційним файлом, будь ласка, зв'яжіться з адміністратором, щоб негайно видалити його.",
    "submit.success.header": "Дякуємо за вашу заявку! Ми перевіримо її якомога швидше!",
    "version.released": "випущено $1",
    "version.archivedBy": "архівовано $1",
    "version.description.title": "Опис",
    "version.downloads.title": "Завантаження",
    "version.download.title": "завантажити",
    "version.download.recommended": "рекомендовані",
    "version.download.from": "з $1",
    "version.extraInfo.title": "Додаткова інформація",
    "version.warnings.title": "Попередження",
    "version.warnings.automaticallyUpdated.title": "Автоматично Оновлюваний",
    "version.warnings.automaticallyUpdated.description": "Оригінально цей клієнт автоматично оновлювався. Ми застосували файл _staging для запобігання цього.",
    "version.warnings.requiresServer.title": "Потрібен Сервер",
    "version.warnings.requiresServer.description": "Цей клієнт не може бути відкритий без підключення до приватного сервера.",
    "version.screenshots": "Скріншоти",
    "home.welcome": "Ласкаво просимо на нову сторінку osu!archive!",
    "home.welcome.description": "ми старанно працювали над нашим новим сайтом, і ми не можемо дочекатися, щоб почути, що ви думаєте!",
    "home.welcome.title": "Домашня Сторінка",
    "home.slogan": "обслуговує $1 версій osu! з 2007 до тепер!",
    "home.slogan.unloaded": "архіви версій osu! з 2007 до цього моменту!"
}