{
    "badges.title": "Lencana ($1)",
    "sort.awardedAt.asc": "Diberikan pada tanggal (diurutkan dari yang terlama)",
    "sort.awardedAt.desc": "Diberikan pada tanggal (diurutkan dari yang terbaru)",
    "sort.name.asc": "Nama (a-z)",
    "sort.name.desc": "Nama (z-a)",
    "sort.playerCount.asc": "Jumlah pemain (diurutkan dari yang tersedikit)",
    "sort.playerCount.desc": "Jumlah pemain (diurutkan dari yang terbanyak)",
    "search.placeholder": "carilah sebuah lencana!",
    "badge.firstAchieved": "dikeluarkan sejak <strong>$1</strong>",
    "badge.ownedBy": "dimiliki oleh <strong>$1</strong> pemain",
    "badge.ownedBySingular": "dimiliki oleh <strong>$1</strong> pemain",
    "badge.popup.playersWhoHave": "<strong>pemain</strong> yang memiliki lencana ini",
    "badge.popup.1xVariant": "varian<br><strong>@1x</strong>",
    "paused": "Pemrosesan data Osekai Badges saat ini dihentikan sementara. Hanya lencana-lencana yang dikeluarkan sebelum tanggal $1 saja yang ditampilkan.",
    "viewtype.grid": "Tampilan Grid",
    "viewtype.compactList": "Tampilan Daftar Ringkas",
    "viewtype.list": "Tampilan Daftar",
    "viewtype.ultraCompact": "Tampilan Sederhana"
}