{
    "title": "Butuh bantuan atau punya sebuah ide? Kontak kami!",
    "header": "Kami adalah tim kecil, dan jika kamu ingin berdiskusi atau membutuhkan bantuan terkait osekai, kami dengan senang hati akan membantumu!",
    "body.p1": "Cara terbaik untuk mengontak kami adalah melalui server Discord osu! Medal Hunters.",
    "body.p2": "Link untuk bergabung ke dalam server tertera di halaman utama & dropdown aplikasi yang ada di pojok kanan atas halaman.",
    "siteOwner": "Pemilik Situs Web: $1",
    "snapshots": "Untuk masalah-masalah atau permintaan-permintaan terkait Osekai Snapshots, mohon hubungi Hubz di hubz@hubza.co.uk"
}