{
    "title": "Kami tidak pernah membutuhkan donasi, namun jika ada, kami sangat mengapresiasi hal tersebut :)",
    "body.p1": "Kami menggunakan donasi yang masuk untuk membayar biaya operasional situs web. Sebagai bentuk transparansi, kamu dapat melihat seluruh biaya yang dibutuhkan situs osekai untuk berjalan di bawah ini.",
    "body.p2": "Kami ingin membuat seluruh layanan kami gratis. Satu-satunya \"keuntungan\" yang kamu dapat setelah berdonasi adalah sebuah ikon ❤ di namamu ketika berkomentar dan mengakses kanal discord osekai development, tetapi hal yang serupa akan ditambahkan dikemudian hari.",
    "body.p3": "Daftar donatur terbesar di bawah ini tidak akan diperbarui secara langsung. Tetapi jangan takut, kami akan terus memperbarui hal itu ketika kami mendapatkan pemberitahuan!",
    "donate.title": "Donasi!",
    "donate.header": "Ingin mendukung kami? Silakan mengirimkan sebuah donasi!",
    "donate.body": "Perlu diingat agar namamu dapat terlihat dalam daftar, kamu perlu masuk terlebih dahulu!",
    "donate.paypal": "Berdonasi melalui PayPal",
    "donate.paysafecard": "Berdonasi melalui Paysafecard",
    "costs.title": "Biaya-biaya",
    "costs.covered": "biaya yang terbayarkan: $1 / $2",
    "top.title": "Donatur-Donatur Terbesar",
    "recent.title": "Donasi Terbaru",
    "recent.message": "Pesan Donasi"
}