{
    "medal": "medali",
    "medals": "medali",
    "club": "club",
    "date_released": "dirilis pada tanggal $1",
    "date_added": "ditambahkan pada tanggal $1",
    "date_updated": "diperbarui pada tanggal $1",
    "date_posted": "dikirim pada tanggal $1",
    "date_submitted": "dikirim",
    "date_last_played": "terakhir dimainkan pada tanggal $1",
    "submit": "Kirim",
    "add": "Tambah",
    "update": "Perbarui",
    "delete": "Hapus",
    "cancel": "Batal",
    "global": "Global",
    "saveChanges": "Simpan Perubahan",
    "remove": "Hapus",
    "close": "Tutup",
    "language.switch": "Mengganti bahasa!",
    "locked.login": "Masuklah terlebih dahulu untuk menggunakan fitur ini!",
    "page.generatedIn": "Laman dimuat dalam $1 detik.",
    "ok": "Okay"
}