{
    "cover.subtitle": "rumah untuk <strong>sistem peringkat alternatif</strong>, <strong>info profil yang mendetil</strong>, <strong>solusi-solusi medali</strong>, <strong>ratusan versi-versi osu!</strong>, dan masih banyak lagi",
    "cover.madeFor": "dibuat untuk komunitas osu! oleh <span>tim <strong>osekai</strong></span>",
    "new": "baru!",
    "new.text": "di <strong>osekai</strong>...",
    "new.introducing": "Perkenalkan aplikasi baru kami:",
    "profiles.main": "Kami sedang mengerjakan suatu cara baru untuk melihat dan mengatur profil osu!-mu. Kami sudah mengimplementasikan fitur-fitur keren seperti, Goals, Timeline, dan masih banyak lagi. Dan setelah pengembangan selama setahun, hal tersebut dapat diselesaikan. Silakan dilihat!",
    "medals.main": "Tempat terbaik untuk mencari seluruh solusi dari medali osu!, beatmap terbaik untuk meraih medali tersebut, hingga diskusi mengenai medali tersebut!",
    "snapshots.main": "Rasakan nostalgia dari rilis-rilis osu! yang lama, atau lihat juga versi-versi spesial yang ada di osu!archive!",
    "rankings.main": "Satu-satunya tempat untuk melihat peringkat alternatif osu! dari jumlah medali, jumlah map ranked, dan masih banyak lagi.",
    "badges.main": "Tempat terbaik untuk melihat hampir semua lencana yang ada di osu!, dan pemilik lencananya.",
    "discord.title": "Bergabunglah di server Discord <strong>osu! medal hunters</strong>!",
    "discord.text": "Lihat komunitas pemburu medali osu! terbesar di Discord, di mana Osekai juga berada!",
    "support.title": "Dukung kami!",
    "support.text": "Kami adalah tim kecil, dan dengan berdonasi, kamu dapat membantu kami memastikan server dan pengembangan tetap berjalan!",
    "faq": "FAQ",
    "faq.title": "Pertanyaan yang Sering Ditanyakan",
    "faq.welcome": "Selamat datang di Osekai FAQ!",
    "faq.welcome.intro": "Di sini kamu dapat mencari jawaban dari pertanyaan yang sering ditanyakan untuk Osekai. Pilih pertanyaan yang ada di sidebar kiri untuk memulai.",
    "team.title": "Tim",
    "team.role.mulraf": "Pemimpin Proyek & Kepala Pengembang",
    "team.role.hubz": "Pengembang & Kepala Desainer",
    "team.role.electroyan": "Insinyur Data Peringkat",
    "team.role.remyria": "Manajer Komunitas",
    "team.role.generic.snapshotsManager": "Manajer Snapshots",
    "team.role.generic.snapshotsDeveloper": "Pengembang Snapshots",
    "harumachi.title": "Harumachi Cup Omega. Yang terakhir.",
    "harumachi.text": "Turnamen osu! yang terbaik-buruk kembali lagi untuk yang terakhir kalinya. Segera cek ini!"
}