{
    "searchbar.placeholder": "carilah sebuah medali",
    "searchbar.filters.tooltip": "Filter Pencarian",
    "searchbar.filters.title": "Opsi filter",
    "searchbar.filters.unobtainedMedals": "Medali yang Belum Didapatkan",
    "solution.title": "Solusi",
    "beatmaps.title": "Beatmap <p id=\"beatmap_count\" class=\"medals__bm-count\">0</p>",
    "beatmaps.note.add": "tambahkan sebuah catatan",
    "beatmaps.note.view": "lihat catatan",
    "beatmaps.note.title": "Catatan",
    "beatmap.by": "oleh",
    "beatmap.mappedBy": "di-map oleh",
    "beatmap.viewOnOsu": "Lihat paket beatmap di <strong>osu.ppy.sh</strong>",
    "beatmap.downloadWithDirect": "download melalui<strong> osu!direct</strong>",
    "beatmap.report": "laporkan beatmap ini",
    "beatmap.delete": "hapus beatmap ini",
    "video.title": "Video",
    "beatmaps.add": "Tambah Beatmap",
    "beatmaps.add.title": "Tambahkan sebuah beatmap",
    "beatmaps.add.body": "Tambahkan sebuah beatmap untuk medali $1",
    "beatmaps.add.p1": "Mohon diperhatikan bahwa beatmap ini harus dapat menghasilkan medali tersebut. Jika tidak, beatmap ini akan dihapus dari daftar.",
    "beatmaps.add.url.placeholder": "URL Beatmap",
    "beatmaps.add.note.placeholder": "Catatan"
}