{
    "profile.viewOnOsekaiProfiles": "<light>lihat profil di</light> osekai profiles",
    "profile.viewOnOsu": "<light>lihat profil di</light> osu!",
    "profile.logOut": "keluar",
    "profile.experimentalMode": "Kamu saat ini menggunakan Mode Eksperimental. Beberapa fitur mungkin tidak berjalan seperti seharusnya.",
    "profile.logIn": "masuk <light>dengan</light> osu!",
    "search.placeholder": "carilah sesuatu. apapun itu.",
    "search.noResults": "Tidak ada hasil yang ditemukan",
    "settings.title": "pengaturan <strong>osekai</strong>",
    "settings.subtitle": "buat osekai sesuai dengan preferensimu",
    "settings.global.title": "global",
    "settings.global.theme": "tema",
    "settings.global.theme.light": "tema terang",
    "settings.global.theme.dark": "tema gelap",
    "settings.global.theme.ultraDark": "tema sangat gelap",
    "settings.global.theme.coldDark": "tema gelap dingin",
    "settings.global.theme.system": "tema sistem",
    "settings.global.language": "bahasa",
    "settings.profiles.title": "profil",
    "settings.profiles.showMedalsFromAllModes": "tunjukkan medali dari semua mode permainan",
    "notifications.title": "<strong>notifikasi</strong>",
    "apps.support": "dukung osekai!",
    "apps.twitter": "lihat juga osekai di twitter!",
    "apps.discord": "bergabunglah di server Discord osu! Medal Hunters!",
    "apps.contact": "hubungi kami",
    "apps.privacy": "kebijakan privasi",
    "apps.developmentDiscord": "bergabunglah di server pengembangan kami",
    "tooltip.notifications": "Notifikasi",
    "tooltip.settings": "Pengaturan",
    "tooltip.search": "Pencarian"
}