{
    "home.panel.body": "sebuah tinjauan mendalam pada profil osu!-mu",
    "home.yourProfile.title": "lihat",
    "home.yourProfile.subtitle": "<strong>profilmu</strong>",
    "home.recentlyViewed.title": "Profil yang Terakhir Dilihat",
    "home.mostViewed.title": "Profil yang Paling Banyak Dilihat",
    "home.globalRankings.title": "Peringkat Global",
    "profile.bar.user": "Profil",
    "profile.bar.user.new": "Profil <strong>$1</strong>",
    "profile.bar.user.new-s": "Profil <strong>$1</strong>",
    "profile.info.joined": "<span class=\"light\">bergabung pada</span> $1",
    "profile.info.playsWith": "<span class=\"light\">bermain menggunakan</span> $1",
    "profile.timeline.title": "Timeline",
    "profile.timeline.addEntry": "Tambahkan Entri",
    "profile.timeline.addEntry.placeholder": "suatu kejadian yang menarik...",
    "profile.goals.title": "Target",
    "profile.goals.welcome.title": "Selamat datang di <strong>Goals</strong>",
    "profile.goals.welcome.body": "Goals merupakan suatu cara untuk melacak cita-cita osu!-mu, seperti jumlah medali, jumlah nilai pp, bahkan jumlah badge dan peringkatmu! Kamu dapat menambahkan sebuah cita-citamu di bawah ini. Kategori cita-cita berada di sisi kiri, dan kamu dapat menyimpan cita-citamu dengan menekan tombol plus yang ada di sisi kanan!",
    "profile.goals.welcome.close": "Panel ini akan tertutup secara otomatis sesudah<br>kamu menambahkan cita-cita pertamamu.",
    "profile.goals.input.placeholder": "Jumlah",
    "profile.goals.pp": "pp",
    "profile.goals.rank": "peringkat",
    "profile.goals.medals": "medali",
    "profile.goals.ssCount": "Jumlah rank SS",
    "profile.goals.badges": "lencana",
    "profile.goals.level": "level",
    "profile.goals.goal.title": "Raih <strong>$1</strong> pada <strong>$2</strong>",
    "profile.goals.goal.subtitle": "$1 ($2%)",
    "profile.goals.goal.started": "dimulai sejak <strong>$1</strong>",
    "profile.goals.goalType": "Tipe Target",
    "profile.stats.title": "Statistik",
    "profile.stats.globalRank": "peringkat global",
    "profile.stats.countryRank": "peringkat negara",
    "profile.stats.accuracy": "akurasi",
    "profile.stats.pp": "pp",
    "profile.stats.playtime": "telah bermain selama",
    "profile.stats.plays": "jumlah main",
    "profile.medals.title": "Medali",
    "profile.medals.medals": "jumlah medali",
    "profile.medals.rank": "peringkat jumlah medali",
    "profile.medals.completion": "tingkat penyelesaian pengumpulan medali",
    "profile.medals.togo": "sisa $1 medali lagi",
    "profile.medals.until": "hingga",
    "profile.medals.rarest": "medali <strong>terlangka</strong>",
    "profile.medals.onlyPercent": "hanya $1 yang memiliki medali ini!",
    "profile.medals.percentOfPlayers": "$1% dari seluruh pemain",
    "profile.medals.history.new": "$1<br>medali<br>baru",
    "profile.snapshots.title": "Versi-versi osu! yang dikirimkan <light>ke Osekai Snapshots</light>",
    "profile.snapshots.uploadDate": "Telah dikirim ke Snapshots sejak <strong>$1</strong>",
    "profile.snapshots.uploadDateUnknown": "Tanggal upload tidak diketahui",
    "loading": "Memuat profil"
}