{
    "home.addUser.title": "Tambahkan sebuah pengguna!",
    "home.addUser.loggedIn": "Karena kamu telah masuk, datamu sudah kami ditambahkan! Datamu akan diproses pada siklus berikutnya.",
    "home.addUser.loggedOut": "Agar kamu dapat bergabung pada Osekai Rankings, kamu cukup masuk ke situs ini dengan akun osu!-mu. Klik tombol di pojok kanan atas untuk memulai.",
    "home.addUser.addAnotherUser.title": "Tambah pengguna lainnya",
    "home.addUser.addAnotherUser.loggedOut": "Mohon masuk terlebih dahulu untuk menambahkan sebuah pengguna.",
    "home.addUser.addAnotherUser.placeholder": "ID Pengguna",
    "home.addUser.addAnotherUser.button": "Tambah",
    "general.medals.title": "Medali",
    "general.allmode.title": "Semua Mode Permainan",
    "general.mappers.title": "Mapper",
    "general.badges.title": "Lencana",
    "general.medals.users": "Pemain",
    "general.medals.rarity": "Tingkat Kelangkaan",
    "general.allmode.replays": "Replay",
    "general.allmode.standardDeviation": "Standar Deviasi",
    "general.allmode.total": "Jumlah Total pp",
    "general.mappers.ranked": "Jumlah Mapset Ranked",
    "general.mappers.loved": "Jumlah Mapset Loved",
    "general.mappers.subscribers": "Jumlah Pengikut",
    "general.badges.badges": "Lencana",
    "general.medals.users.subheader": "sebuah papan peringkat pengguna, diurutkan berdasarkan jumlah medali yang mereka raih!",
    "general.medals.rarity.subheader": "mau tahu seberapa langka setiap medali yang ada? cari tahu disini!",
    "general.allmode.replays.subheader": "para pengguna yang diurutkan berdasarkan jumlah replay yang ditonton!",
    "general.allmode.standardDeviation.subheader": "pengguna diurutkan berdasarkan standar deviasi pp!",
    "general.allmode.total.subheader": "pengguna diurutkan berdasarkan total pp dari seluruh mode permainan!",
    "general.mappers.ranked.subheader": "cari tahu siapa mapper ranked terbaik!",
    "general.mappers.loved.subheader": "cari tahu siapa mapper loved terbaik!",
    "general.mappers.subscribers.subheader": "cari tahu siapa pengguna dengan jumlah pengikut terbanyak!",
    "general.badges.badges.subheader": "lencana",
    "bar.general.with": "dengan",
    "bar.medals.users.rarestMedal": "medali terlangka",
    "bar.medals.users.medalCompletion": "persentase penyelesaian <span class='light'>medali</span>",
    "bar.medals.rarity.heldBy": "dimiliki oleh",
    "bar.medals.rarity.only": "eksklusif",
    "bar.allmode.standardDeviation.standardDeviationPP": "standar deviasi pp",
    "bar.allmode.standardDeviation.totalPP": "total pp",
    "bar.allmode.standardDeviation.replaysWatched": "kali tayangan ulang ditonton",
    "bar.mappers.ranked.rankedMaps": "map ranked",
    "bar.mappers.loved.lovedMaps": "map loved",
    "bar.mappers.subscribers.subscribers": "pengikut",
    "bar.badges.badges.badges": "lencana",
    "pagination.previous": "sebelumnya",
    "pagination.next": "berikutnya",
    "search.username": "Nama pengguna",
    "search.userID": "ID Pengguna",
    "search.country": "Negara",
    "search.rarestMedal": "Medali Terlangka",
    "search.mode": "Mode Permainan",
    "search.group": "Grup",
    "search.placeholder": "carilah di sini!"
}