{
    "new.finished.title": "Laporan Terkirim!",
    "new.finished.button": "Oke!",
    "new.comment.title": "Laporkan komentar ini",
    "new.beatmap.title": "Laporkan beatmap ini",
    "new.bug.title": "Melaporkan sebuah bug",
    "new.comment.body": "Kamu saat ini sedang melaporkan komentar ini. Mohon jelaskan kepada kami mengapa komentar ini perlu ditinjau ulang atau dihapus. Mohon hindari penggunaan fitur ini secara tidak bertanggungjawab.",
    "new.beatmap.body": "Kamu saat ini sedang melaporkan beatmap yang diusulkan. Mohon jelaskan kepada kami mengapa beatmap ini tidak dapat digunakan untuk mendapatkan medali ini, dan mengapa beatmap ini perlu dihapus.",
    "new.bug.body": "Jika kamu menemukan bug di Osekai, kamu dapat melaporkan hal tersebut di sini! Mohon jelaskan kepada kami bagaimana cara mereproduksi bug tersebut, dan cara apa saja yang telah kamu coba untuk memperbaiki itu.<br>Jika kamu belum mencoba apa pun, coba tekan tombol CTRL+F5. Browser pada umumnya menyimpan data situs web secara lokal dan terkadang data tersebut sudah tidak relevan sehingga menyebabkan bug. Tombol CTRL+F5 akan menghapus data lokal tersebut, dan seringkali menjadi penyelesaian dari bug yang terjadi.",
    "new.comment.finished": "Terima kasih sudah melaporkan komentar ini! Kami akan segera melihat laporanmu sesegera mungkin.",
    "new.beatmap.finished": "Terima kasih sudah melaporkan beatmap ini! Kami akan segera melihat laporanmu!",
    "new.bug.finished": "Thanks for reporting this bug. Our development team will loo k into it as soon as possible! If you have more questions or issues, feel free to contact us through the osu! Medal Hunters Discord server, found in the Apps dropdown in the top left.",
    "new.bug.finished.button": "Baiklah!",
    "logged-out": "Please log in to submit a report."
}