{
    "sidebar.search.placeholder": "carilah sebuah versi",
    "sidebar.submission": "Punya versi yang keren? Kirimkan itu ke Osekai Snapshots!",
    "submit.title": "Kirimkan sebuah versi!",
    "submit.versionName.title": "Nama versi",
    "submit.versionName.description": "Kamu dapat mendapatkan hal tersebut pada bagian bawah menu opsi secara umum.",
    "submit.versionName.placeholder": "misalnya: b20200905.1",
    "submit.versionFile.title": "Berkas versi",
    "submit.versionFile.description": "Kami membutuhkan versi dalam format berkas ZIP. Kamu dapat mengupload itu dengan menggunakan layanan upload seperti Google Drive. Jangan lupa hapus berkas-berkas config!",
    "submit.versionInfo.title": "Info versi",
    "submit.versionInfo.description": "Deskripsikan versimu secara jelas! Boleh deskripsi pendek atau panjang, sesukamu!",
    "submit.versionInfo.placeholder": "misalnya: Versi ini sangat keren dan memiliki banyak fitur baru!",
    "submit.submit": "Kirim Versi",
    "submit.warning.header": "Sebelum kamu mengirim versi ini, pastikan kamu telah menghapus seluruh berkas config.",
    "submit.warning.body": "Berkas-berkas config tersebut dapat berisi informasi login osu! seperti username dan password. Harap pastikan kamu telah menghapus berkas-berkas tersebut.",
    "submit.warning.confirm": "Saya telah menghapus berkas-berkas itu.",
    "submit.warning.cancel": "Saya lupa! Saya ingin kembali lagi.",
    "submit.warning.footer": "Jika kamu secara tidak sengaja mengirimkan sebuah versi dengan berkas config, mohon segera mengontak seorang admin untuk menghapus berkas tersebut.",
    "submit.success.header": "Terima kasih atas kontribusimu! Kami akan segera mengecek ini!",
    "version.released": "dirilis pada tanggal $1",
    "version.archivedBy": "diarsipkan oleh $1",
    "version.description.title": "Deskripsi",
    "version.downloads.title": "Download",
    "version.download.title": "download",
    "version.download.recommended": "direkomendasikan",
    "version.download.from": "dari $1",
    "version.extraInfo.title": "Info tambahan",
    "version.warnings.title": "Peringatan",
    "version.warnings.automaticallyUpdated.title": "Diperbarui Secara Otomatis",
    "version.warnings.automaticallyUpdated.description": "Klien ini dapat memperbarui versinya sendiri. Kami telah menambahkan berkas _staging untuk mencegah hal ini.",
    "version.warnings.requiresServer.title": "Membutuhkan Server",
    "version.warnings.requiresServer.description": "Klien ini tidak dapat dibuka tanpa terhubung ke server privat.",
    "version.screenshots": "Screenshot-screenshot",
    "home.welcome": "Selamat datang di halaman utama osu!archive yang baru!",
    "home.welcome.description": "kami telah bekerja keras dalam membuat situs baru kami, dan kami sudah tidak sabar untuk menerima umpan balikmu!",
    "home.welcome.title": "Beranda",
    "home.slogan": "mengarsipkan $1 versi osu! sejak 2007 hingga saat ini!",
    "home.slogan.unloaded": "mengarsipkan versi-versi osu! sejak 2007 hingga saat ini!"
}