{
    "title": "Tarvitsetko apua tai sinulla on ideoita? Ota yhteyttä!",
    "header": "Olemme pieni tiimi, ja jos sinulla on jotain, mistä haluaisit keskustella tai jos tarvitset apua osekaissa, autamme mielellään!",
    "body.p1": "Paras tapa ottaa meihin yhteyttä on liittyä osu! Medal Hunters Discordiin.",
    "body.p2": "Linkki tähän serveriin löytyy kotisivulta ja sovellusten pudotusvalikosta sivun vasemmassa yläreunassa.",
    "siteOwner": "Sivuston Omistaja: $1",
    "snapshots": "Osekai Snapshortsiin liittyviä ongelmia tai pyyntöjä varten ota yhteyttä Hubziin osoitteesta hubz@hubza.co.uk"
}