{
    "title": "Lahjoituksia ei koskaan tarvita, mutta niitä arvostetaan aina :)",
    "body.p1": "Käytämme niitä kattamaan sivuston ylläpitämisen kuluja. Läpinäkyvyyttä varten voit nähdä kaikki kustannukset, joita osekain nettisivu itse tuotti alla.",
    "body.p2": "Haluamme todellakin tarjota kaikki palvelumme ilmaiseksi. Ainoa 'etu', jonka saat lahjoittamisesta, on pieni ❤ nimen viereen kun kommentoit, sekä pääsyn osekain kehitysdiscordiin, mutta samankaltaisia asioita saattaa tulla lisää tulevaisuudessa.",
    "body.p3": "Alla olevaa huippulahjoittajien lista ei päivity heti. Mutta älä huoli, me tulemme varmasti päivittämään sen heti kun huomaamme!",
    "donate.title": "Lahjoita!",
    "donate.header": "Haluatko tukea meitä? Ole hyvä ja lähetä lahjoitukset!",
    "donate.body": "Pidä mielessä, että näyttääkseen käyttäjänimeäsi, sinun täytyy kirjautua sisään!",
    "donate.paypal": "Lahjoita PayPalilla",
    "donate.paysafecard": "Lahjoita Paysafecardilla",
    "costs.title": "Hinnat",
    "costs.covered": "katetut kustannukset: $1 / $2",
    "top.title": "Huippulahjoittajat",
    "recent.title": "Viimeisimmät Lahjoitukset",
    "recent.message": "Lahjoitusviesti"
}