{
    "medal": "mitali",
    "medals": "mitalit",
    "club": "klubi",
    "date_released": "julkaistu $1",
    "date_added": "lisätty $1",
    "date_updated": "päivitetty $1",
    "date_posted": "lähetetty $1",
    "date_submitted": "lähetetty",
    "date_last_played": "viimeksi pelattu $1",
    "submit": "Lähetä",
    "add": "Lisää",
    "update": "Päivitä",
    "delete": "Poista",
    "cancel": "Peruuta",
    "global": "Globaali",
    "saveChanges": "Tallenna muutokset",
    "remove": "Poista",
    "close": "Sulje",
    "language.switch": "Vaihda kieltä!",
    "locked.login": "Kirjaudu sisään käyttääksesi tätä ominaisuutta!",
    "page.generatedIn": "Sivu latautui $1 sekunnissa.",
    "ok": "Okay"
}