{
    "searchbar.placeholder": "etsi mitalia",
    "searchbar.filters.tooltip": "Search Filters",
    "searchbar.filters.title": "Filtering options",
    "searchbar.filters.unobtainedMedals": "Unobtained Medals",
    "solution.title": "Ratkaisu",
    "beatmaps.title": "Beatmaps <p id=\"beatmap_count\" class=\"medals__bm-count\">0</p>",
    "beatmaps.note.add": "add a note",
    "beatmaps.note.view": "view the note",
    "beatmaps.note.title": "Note",
    "beatmap.by": "by",
    "beatmap.mappedBy": "mapped by",
    "beatmap.viewOnOsu": "View beatmap pack on <strong>osu.ppy.sh</strong>",
    "beatmap.downloadWithDirect": "download with<strong> osu!direct</strong>",
    "beatmap.report": "report this beatmap",
    "beatmap.delete": "delete this beatmap",
    "video.title": "Video",
    "beatmaps.add": "Add Beatmap",
    "beatmaps.add.title": "Add a beatmap",
    "beatmaps.add.body": "Add a beatmap to the medal $1",
    "beatmaps.add.p1": "Keep in mind that this beatmap must result in receiving the medal. If it does not it will be removed from the listing.",
    "beatmaps.add.url.placeholder": "Beatmap URL",
    "beatmaps.add.note.placeholder": "Note"
}