{
    "profile.viewOnOsekaiProfiles": "<light>view profile on</light> osekai profiles",
    "profile.viewOnOsu": "<light>view profile on</light> osu!",
    "profile.logOut": "kirjaudu ulos",
    "profile.experimentalMode": "You are currently in Experimental Mode. Things may break.",
    "profile.logIn": "kirjaudu sisään osulla!",
    "search.placeholder": "search for something. anything.",
    "search.noResults": "Tuloksia ei löytynyt",
    "settings.title": "<strong>osekai</strong> asetukset",
    "settings.subtitle": "tee osekaista sinunlaisesi",
    "settings.global.title": "global",
    "settings.global.theme": "teema",
    "settings.global.theme.light": "vaalea",
    "settings.global.theme.dark": "tumma",
    "settings.global.theme.ultraDark": "ultra tumma",
    "settings.global.theme.coldDark": "cold dark theme",
    "settings.global.theme.system": "järjestelmän teema",
    "settings.global.language": "kieli",
    "settings.profiles.title": "profiilit",
    "settings.profiles.showMedalsFromAllModes": "näytä mitalit kaikista pelimuodoista",
    "notifications.title": "<strong>ilmoitukset</strong>",
    "apps.support": "tue osekaita!",
    "apps.twitter": "check out osekai on twitter!",
    "apps.discord": "liity osu! Medal Hunters Discordiin!",
    "apps.contact": "ota yhteyttä",
    "apps.privacy": "tietosuojakäytäntö",
    "apps.developmentDiscord": "join our development server",
    "tooltip.notifications": "Ilmoitukset",
    "tooltip.settings": "Asetukset",
    "tooltip.search": "Hae"
}