{
    "home.addUser.title": "Lisää käyttäjä!",
    "home.addUser.loggedIn": "Because you're logged in, you've already been added! You'll be processed on the next loop.",
    "home.addUser.loggedOut": "To add yourself to Osekai Rankings, simply log in with your osu! account. Click the button in the top right corner to do so.",
    "home.addUser.addAnotherUser.title": "Lisää toinen käyttäjä",
    "home.addUser.addAnotherUser.loggedOut": "Please log in to add a user.",
    "home.addUser.addAnotherUser.placeholder": "User ID",
    "home.addUser.addAnotherUser.button": "Lisää",
    "general.medals.title": "Mitalit",
    "general.allmode.title": "All Mode",
    "general.mappers.title": "Mappaajat",
    "general.badges.title": "Badges",
    "general.medals.users": "Käyttäjät",
    "general.medals.rarity": "Harvinaisuus",
    "general.allmode.replays": "Replays",
    "general.allmode.standardDeviation": "Standard Deviation",
    "general.allmode.total": "Total pp",
    "general.mappers.ranked": "Ranked Mapsets",
    "general.mappers.loved": "Loved Mapsets",
    "general.mappers.subscribers": "Subscribers",
    "general.badges.badges": "Badges",
    "general.medals.users.subheader": "a leaderboard of users, sorted by their amount of medals!",
    "general.medals.rarity.subheader": "oletko koskaan miettinyt miten harvinainen jokin mitali on? ota selvää täältä!",
    "general.allmode.replays.subheader": "users sorted by the amount of replays of theirs viewed!",
    "general.allmode.standardDeviation.subheader": "users sorted by standard deviation pp!",
    "general.allmode.total.subheader": "users sorted by their pp combined across all modes!",
    "general.mappers.ranked.subheader": "find out who the top ranked mapper is!",
    "general.mappers.loved.subheader": "find out who the top loved mapper is!",
    "general.mappers.subscribers.subheader": "find out who the top subscribed user is!",
    "general.badges.badges.subheader": "badges",
    "bar.general.with": "with",
    "bar.medals.users.rarestMedal": "harvinaisin mitali",
    "bar.medals.users.medalCompletion": "<span class='light'>medal</span> completion",
    "bar.medals.rarity.heldBy": "held by",
    "bar.medals.rarity.only": "vain",
    "bar.allmode.standardDeviation.standardDeviationPP": "standard deviated pp",
    "bar.allmode.standardDeviation.totalPP": "total pp",
    "bar.allmode.standardDeviation.replaysWatched": "replays watched",
    "bar.mappers.ranked.rankedMaps": "ranked maps",
    "bar.mappers.loved.lovedMaps": "loved maps",
    "bar.mappers.subscribers.subscribers": "subscribers",
    "bar.badges.badges.badges": "badges",
    "pagination.previous": "prev",
    "pagination.next": "next",
    "search.username": "Username",
    "search.userID": "User ID",
    "search.country": "Country",
    "search.rarestMedal": "Rarest Medal",
    "search.mode": "Mode",
    "search.group": "Group",
    "search.placeholder": "search here!"
}